crop_path,text,split,field_type,style_id,bias,category,vocab_bucket
crops\header_00000.png,COFFEE,val,header,7,0.9,Coffee,train
crops\header_00001.png,COFFEE,test,header,3,0.7,Coffee,train
crops\header_00002.png,COFFEE,train,header,0,0.79,Coffee,train
crops\header_00003.png,COFFEE,train,header,11,0.94,Coffee,train
crops\header_00004.png,COFFEE,train,header,2,0.76,Coffee,train
crops\header_00005.png,COFFEE,train,header,5,0.92,Coffee,train
crops\header_00006.png,COFFEE,test,header,10,0.64,Coffee,train
crops\header_00007.png,COFFEE,train,header,5,0.83,Coffee,train
crops\header_00008.png,COFFEE,train,header,11,0.53,Coffee,train
crops\header_00009.png,COFFEE,val,header,7,0.66,Coffee,train
crops\header_00010.png,COFFEE,train,header,2,0.74,Coffee,train
crops\header_00011.png,COFFEE,train,header,6,0.71,Coffee,train
crops\header_00012.png,COFFEE,train,header,6,0.51,Coffee,train
crops\header_00013.png,COFFEE,train,header,4,0.51,Coffee,train
crops\header_00014.png,COFFEE,train,header,1,0.94,Coffee,train
crops\header_00015.png,COFFEE,val,header,7,0.95,Coffee,train
crops\header_00016.png,COFFEE,train,header,5,0.42,Coffee,train
crops\header_00017.png,COFFEE,val,header,12,0.45,Coffee,train
crops\header_00018.png,COFFEE,test,header,10,0.65,Coffee,train
crops\header_00019.png,COFFEE,train,header,11,0.63,Coffee,train
crops\header_00020.png,COFFEE,val,header,12,0.41,Coffee,train
crops\header_00021.png,COFFEE,train,header,6,0.85,Coffee,train
crops\header_00022.png,COFFEE,val,header,7,0.89,Coffee,train
crops\name_00023.png,Espresso,train,name,1,0.66,Coffee,test
crops\name_00024.png,Espresso,train,name,1,0.88,Coffee,test
crops\name_00025.png,Espresso,train,name,6,0.84,Coffee,test
crops\name_00026.png,Espresso,train,name,5,0.82,Coffee,test
crops\name_00027.png,Espresso,test,name,10,0.71,Coffee,test
crops\name_00028.png,Espresso,train,name,4,0.92,Coffee,test
crops\name_00029.png,Espresso,val,name,12,0.65,Coffee,test
crops\name_00030.png,Espresso,train,name,5,0.59,Coffee,test
crops\name_00031.png,Espresso,train,name,11,0.4,Coffee,test
crops\name_00032.png,Espresso,train,name,0,0.93,Coffee,test
crops\name_00033.png,Espresso,train,name,8,0.72,Coffee,test
crops\name_00034.png,Espresso,train,name,5,0.63,Coffee,test
crops\name_00035.png,Espresso,train,name,9,0.63,Coffee,test
crops\name_00036.png,Espresso,val,name,7,0.51,Coffee,test
crops\name_00037.png,Espresso,train,name,6,0.5,Coffee,test
crops\name_00038.png,Espresso,val,name,7,0.82,Coffee,test
crops\name_00039.png,Espresso,train,name,8,0.74,Coffee,test
crops\name_00040.png,Espresso,train,name,1,0.55,Coffee,test
crops\name_00041.png,Espresso,train,name,4,0.88,Coffee,test
crops\name_00042.png,Espresso,train,name,1,0.63,Coffee,test
crops\name_00043.png,Espresso,train,name,11,0.83,Coffee,test
crops\name_00044.png,Espresso,train,name,2,0.71,Coffee,test
crops\name_00045.png,Espresso,train,name,4,0.48,Coffee,test
crops\price_00046.png,10,test,price,10,0.88,Coffee,test
crops\price_00047.png,10,train,price,11,0.9,Coffee,test
crops\price_00048.png,10,train,price,2,0.65,Coffee,test
crops\price_00049.png,10,train,price,11,0.52,Coffee,test
crops\price_00050.png,10,train,price,0,0.81,Coffee,test
crops\price_00051.png,10,train,price,6,0.65,Coffee,test
crops\price_00052.png,10,train,price,4,0.79,Coffee,test
crops\price_00053.png,10,train,price,9,0.62,Coffee,test
crops\price_00054.png,10,train,price,4,0.42,Coffee,test
crops\price_00055.png,10,train,price,4,0.68,Coffee,test
crops\price_00056.png,10,train,price,0,0.9,Coffee,test
crops\price_00057.png,10,train,price,9,0.44,Coffee,test
crops\price_00058.png,10,train,price,5,0.95,Coffee,test
crops\price_00059.png,10,train,price,8,0.75,Coffee,test
crops\price_00060.png,10,train,price,11,0.69,Coffee,test
crops\price_00061.png,10,test,price,10,0.56,Coffee,test
crops\price_00062.png,10,train,price,2,0.85,Coffee,test
crops\price_00063.png,10,train,price,1,0.47,Coffee,test
crops\price_00064.png,10,train,price,5,0.73,Coffee,test
crops\price_00065.png,10,test,price,3,0.71,Coffee,test
crops\price_00066.png,10,train,price,11,0.51,Coffee,test
crops\price_00067.png,10,train,price,4,0.59,Coffee,test
crops\price_00068.png,10,test,price,3,0.42,Coffee,test
crops\name_00069.png,Double Espresso,val,name,7,0.64,Coffee,train
crops\name_00070.png,Double Espresso,train,name,8,0.84,Coffee,train
crops\name_00071.png,Double Espresso,train,name,9,0.88,Coffee,train
crops\name_00072.png,Double Espresso,train,name,11,0.83,Coffee,train
crops\name_00073.png,Double Espresso,train,name,4,0.59,Coffee,train
crops\name_00074.png,Double Espresso,test,name,3,0.68,Coffee,train
crops\name_00075.png,Double Espresso,train,name,8,0.66,Coffee,train
crops\name_00076.png,Double Espresso,train,name,0,0.41,Coffee,train
crops\name_00077.png,Double Espresso,val,name,12,0.69,Coffee,train
crops\name_00078.png,Double Espresso,train,name,9,0.77,Coffee,train
crops\name_00079.png,Double Espresso,train,name,9,0.49,Coffee,train
crops\name_00080.png,Double Espresso,val,name,7,0.47,Coffee,train
crops\name_00081.png,Double Espresso,train,name,1,0.7,Coffee,train
crops\name_00082.png,Double Espresso,train,name,9,0.61,Coffee,train
crops\name_00083.png,Double Espresso,train,name,5,0.94,Coffee,train
crops\name_00084.png,Double Espresso,train,name,5,0.66,Coffee,train
crops\name_00085.png,Double Espresso,test,name,10,0.59,Coffee,train
crops\name_00086.png,Double Espresso,train,name,1,0.72,Coffee,train
crops\name_00087.png,Double Espresso,train,name,6,0.75,Coffee,train
crops\name_00088.png,Double Espresso,test,name,3,0.82,Coffee,train
crops\name_00089.png,Double Espresso,train,name,9,0.79,Coffee,train
crops\name_00090.png,Double Espresso,test,name,3,0.79,Coffee,train
crops\name_00091.png,Double Espresso,train,name,6,0.77,Coffee,train
crops\price_00092.png,10,train,price,11,0.85,Coffee,train
crops\price_00093.png,10,train,price,1,0.71,Coffee,train
crops\price_00094.png,10,val,price,12,0.9,Coffee,train
crops\price_00095.png,10,test,price,3,0.76,Coffee,train
crops\price_00096.png,10,train,price,8,0.45,Coffee,train
crops\price_00097.png,10,train,price,5,0.94,Coffee,train
crops\price_00098.png,10,train,price,0,0.63,Coffee,train
crops\price_00099.png,10,train,price,0,0.64,Coffee,train
crops\price_00100.png,10,test,price,3,0.92,Coffee,train
crops\price_00101.png,10,val,price,7,0.83,Coffee,train
crops\price_00102.png,10,train,price,0,0.76,Coffee,train
crops\price_00103.png,10,train,price,0,0.4,Coffee,train
crops\price_00104.png,10,train,price,0,0.67,Coffee,train
crops\price_00105.png,10,train,price,6,0.65,Coffee,train
crops\price_00106.png,10,train,price,0,0.41,Coffee,train
crops\price_00107.png,10,train,price,6,0.64,Coffee,train
crops\price_00108.png,10,train,price,1,0.64,Coffee,train
crops\price_00109.png,10,train,price,4,0.89,Coffee,train
crops\price_00110.png,10,train,price,8,0.88,Coffee,train
crops\price_00111.png,10,train,price,9,0.65,Coffee,train
crops\price_00112.png,10,train,price,2,0.75,Coffee,train
crops\price_00113.png,10,train,price,6,0.75,Coffee,train
crops\price_00114.png,10,train,price,2,0.42,Coffee,train
crops\name_00115.png,Americano,train,name,2,0.48,Coffee,val
crops\name_00116.png,Americano,val,name,12,0.93,Coffee,val
crops\name_00117.png,Americano,train,name,6,0.94,Coffee,val
crops\name_00118.png,Americano,train,name,6,0.85,Coffee,val
crops\name_00119.png,Americano,train,name,9,0.75,Coffee,val
crops\name_00120.png,Americano,train,name,5,0.46,Coffee,val
crops\name_00121.png,Americano,val,name,12,0.87,Coffee,val
crops\name_00122.png,Americano,val,name,7,0.79,Coffee,val
crops\name_00123.png,Americano,test,name,10,0.72,Coffee,val
crops\name_00124.png,Americano,val,name,7,0.55,Coffee,val
crops\name_00125.png,Americano,train,name,6,0.71,Coffee,val
crops\name_00126.png,Americano,test,name,10,0.48,Coffee,val
crops\name_00127.png,Americano,train,name,8,0.59,Coffee,val
crops\name_00128.png,Americano,train,name,5,0.92,Coffee,val
crops\name_00129.png,Americano,train,name,4,0.91,Coffee,val
crops\name_00130.png,Americano,train,name,5,0.68,Coffee,val
crops\name_00131.png,Americano,train,name,1,0.66,Coffee,val
crops\name_00132.png,Americano,train,name,6,0.66,Coffee,val
crops\name_00133.png,Americano,train,name,8,0.78,Coffee,val
crops\name_00134.png,Americano,train,name,6,0.45,Coffee,val
crops\name_00135.png,Americano,train,name,0,0.47,Coffee,val
crops\name_00136.png,Americano,train,name,1,0.7,Coffee,val
crops\name_00137.png,Americano,train,name,9,0.92,Coffee,val
crops\price_00138.png,6,train,price,1,0.79,Coffee,val
crops\price_00139.png,6,train,price,6,0.68,Coffee,val
crops\price_00140.png,6,train,price,6,0.54,Coffee,val
crops\price_00141.png,6,train,price,0,0.65,Coffee,val
crops\price_00142.png,6,val,price,7,0.56,Coffee,val
crops\price_00143.png,6,train,price,0,0.49,Coffee,val
crops\price_00144.png,6,train,price,6,0.43,Coffee,val
crops\price_00145.png,6,train,price,11,0.87,Coffee,val
crops\price_00146.png,6,test,price,3,0.67,Coffee,val
crops\price_00147.png,6,test,price,10,0.78,Coffee,val
crops\price_00148.png,6,train,price,2,0.6,Coffee,val
crops\price_00149.png,6,val,price,12,0.49,Coffee,val
crops\price_00150.png,6,train,price,9,0.71,Coffee,val
crops\price_00151.png,6,train,price,6,0.7,Coffee,val
crops\price_00152.png,6,val,price,12,0.84,Coffee,val
crops\price_00153.png,6,test,price,3,0.61,Coffee,val
crops\price_00154.png,6,train,price,1,0.93,Coffee,val
crops\price_00155.png,6,val,price,12,0.48,Coffee,val
crops\price_00156.png,6,train,price,11,0.85,Coffee,val
crops\price_00157.png,6,train,price,2,0.59,Coffee,val
crops\price_00158.png,6,val,price,7,0.42,Coffee,val
crops\price_00159.png,6,train,price,6,0.51,Coffee,val
crops\price_00160.png,6,test,price,3,0.66,Coffee,val
crops\name_00161.png,Cappuccino,train,name,0,0.45,Coffee,train
crops\name_00162.png,Cappuccino,train,name,6,0.68,Coffee,train
crops\name_00163.png,Cappuccino,train,name,0,0.41,Coffee,train
crops\name_00164.png,Cappuccino,train,name,0,0.83,Coffee,train
crops\name_00165.png,Cappuccino,train,name,5,0.9,Coffee,train
crops\name_00166.png,Cappuccino,train,name,6,0.42,Coffee,train
crops\name_00167.png,Cappuccino,train,name,8,0.54,Coffee,train
crops\name_00168.png,Cappuccino,test,name,3,0.54,Coffee,train
crops\name_00169.png,Cappuccino,train,name,11,0.92,Coffee,train
crops\name_00170.png,Cappuccino,val,name,12,0.88,Coffee,train
crops\name_00171.png,Cappuccino,test,name,3,0.61,Coffee,train
crops\name_00172.png,Cappuccino,train,name,11,0.62,Coffee,train
crops\name_00173.png,Cappuccino,train,name,11,0.52,Coffee,train
crops\name_00174.png,Cappuccino,train,name,9,0.74,Coffee,train
crops\name_00175.png,Cappuccino,train,name,2,0.41,Coffee,train
crops\name_00176.png,Cappuccino,train,name,5,0.87,Coffee,train
crops\name_00177.png,Cappuccino,test,name,3,0.64,Coffee,train
crops\name_00178.png,Cappuccino,train,name,5,0.54,Coffee,train
crops\name_00179.png,Cappuccino,test,name,3,0.73,Coffee,train
crops\name_00180.png,Cappuccino,train,name,9,0.85,Coffee,train
crops\name_00181.png,Cappuccino,val,name,7,0.81,Coffee,train
crops\name_00182.png,Cappuccino,train,name,5,0.81,Coffee,train
crops\name_00183.png,Cappuccino,train,name,9,0.75,Coffee,train
crops\price_00184.png,4.59,train,price,8,0.45,Coffee,train
crops\price_00185.png,4.59,test,price,10,0.81,Coffee,train
crops\price_00186.png,4.59,train,price,8,0.54,Coffee,train
crops\price_00187.png,4.59,train,price,9,0.83,Coffee,train
crops\price_00188.png,4.59,train,price,8,0.85,Coffee,train
crops\price_00189.png,4.59,train,price,5,0.75,Coffee,train
crops\price_00190.png,4.59,train,price,0,0.73,Coffee,train
crops\price_00191.png,4.59,train,price,11,0.86,Coffee,train
crops\price_00192.png,4.59,train,price,4,0.55,Coffee,train
crops\price_00193.png,4.59,train,price,2,0.82,Coffee,train
crops\price_00194.png,4.59,train,price,9,0.81,Coffee,train
crops\price_00195.png,4.59,val,price,12,0.62,Coffee,train
crops\price_00196.png,4.59,train,price,1,0.48,Coffee,train
crops\price_00197.png,4.59,train,price,6,0.73,Coffee,train
crops\price_00198.png,4.59,train,price,5,0.84,Coffee,train
crops\price_00199.png,4.59,train,price,0,0.71,Coffee,train
crops\price_00200.png,4.59,test,price,10,0.76,Coffee,train
crops\price_00201.png,4.59,train,price,8,0.76,Coffee,train
crops\price_00202.png,4.59,train,price,9,0.64,Coffee,train
crops\price_00203.png,4.59,train,price,4,0.53,Coffee,train
crops\price_00204.png,4.59,train,price,5,0.53,Coffee,train
crops\price_00205.png,4.59,train,price,9,0.6,Coffee,train
crops\price_00206.png,4.59,train,price,11,0.41,Coffee,train
crops\name_00207.png,Latte,train,name,5,0.87,Coffee,test
crops\name_00208.png,Latte,train,name,9,0.8,Coffee,test
crops\name_00209.png,Latte,train,name,8,0.94,Coffee,test
crops\name_00210.png,Latte,train,name,0,0.83,Coffee,test
crops\name_00211.png,Latte,test,name,3,0.55,Coffee,test
crops\name_00212.png,Latte,train,name,11,0.74,Coffee,test
crops\name_00213.png,Latte,train,name,8,0.76,Coffee,test
crops\name_00214.png,Latte,val,name,12,0.73,Coffee,test
crops\name_00215.png,Latte,train,name,8,0.58,Coffee,test
crops\name_00216.png,Latte,train,name,1,0.59,Coffee,test
crops\name_00217.png,Latte,train,name,8,0.87,Coffee,test
crops\name_00218.png,Latte,train,name,11,0.44,Coffee,test
crops\name_00219.png,Latte,train,name,9,0.48,Coffee,test
crops\name_00220.png,Latte,train,name,8,0.62,Coffee,test
crops\name_00221.png,Latte,test,name,3,0.69,Coffee,test
crops\name_00222.png,Latte,train,name,9,0.62,Coffee,test
crops\name_00223.png,Latte,test,name,3,0.64,Coffee,test
crops\name_00224.png,Latte,train,name,6,0.58,Coffee,test
crops\name_00225.png,Latte,test,name,3,0.87,Coffee,test
crops\name_00226.png,Latte,train,name,1,0.68,Coffee,test
crops\name_00227.png,Latte,test,name,10,0.8,Coffee,test
crops\name_00228.png,Latte,train,name,5,0.49,Coffee,test
crops\name_00229.png,Latte,train,name,6,0.92,Coffee,test
crops\price_00230.png,7.11,train,price,0,0.42,Coffee,test
crops\price_00231.png,7.11,train,price,2,0.53,Coffee,test
crops\price_00232.png,7.11,train,price,0,0.52,Coffee,test
crops\price_00233.png,7.11,train,price,1,0.46,Coffee,test
crops\price_00234.png,7.11,train,price,5,0.58,Coffee,test
crops\price_00235.png,7.11,test,price,3,0.88,Coffee,test
crops\price_00236.png,7.11,train,price,11,0.71,Coffee,test
crops\price_00237.png,7.11,val,price,12,0.57,Coffee,test
crops\price_00238.png,7.11,val,price,7,0.74,Coffee,test
crops\price_00239.png,7.11,train,price,4,0.68,Coffee,test
crops\price_00240.png,7.11,test,price,10,0.42,Coffee,test
crops\price_00241.png,7.11,train,price,5,0.82,Coffee,test
crops\price_00242.png,7.11,train,price,8,0.84,Coffee,test
crops\price_00243.png,7.11,train,price,6,0.43,Coffee,test
crops\price_00244.png,7.11,train,price,1,0.59,Coffee,test
crops\price_00245.png,7.11,train,price,0,0.46,Coffee,test
crops\price_00246.png,7.11,train,price,11,0.43,Coffee,test
crops\price_00247.png,7.11,train,price,11,0.86,Coffee,test
crops\price_00248.png,7.11,test,price,3,0.65,Coffee,test
crops\price_00249.png,7.11,train,price,4,0.59,Coffee,test
crops\price_00250.png,7.11,test,price,3,0.9,Coffee,test
crops\price_00251.png,7.11,train,price,11,0.68,Coffee,test
crops\price_00252.png,7.11,train,price,5,0.41,Coffee,test
crops\name_00253.png,Flat White,train,name,9,0.55,Coffee,train
crops\name_00254.png,Flat White,val,name,7,0.79,Coffee,train
crops\name_00255.png,Flat White,train,name,4,0.67,Coffee,train
crops\name_00256.png,Flat White,train,name,11,0.91,Coffee,train
crops\name_00257.png,Flat White,train,name,5,0.42,Coffee,train
crops\name_00258.png,Flat White,train,name,2,0.85,Coffee,train
crops\name_00259.png,Flat White,test,name,10,0.64,Coffee,train
crops\name_00260.png,Flat White,test,name,10,0.46,Coffee,train
crops\name_00261.png,Flat White,train,name,0,0.82,Coffee,train
crops\name_00262.png,Flat White,train,name,0,0.42,Coffee,train
crops\name_00263.png,Flat White,val,name,7,0.76,Coffee,train
crops\name_00264.png,Flat White,test,name,3,0.85,Coffee,train
crops\name_00265.png,Flat White,train,name,1,0.48,Coffee,train
crops\name_00266.png,Flat White,train,name,1,0.8,Coffee,train
crops\name_00267.png,Flat White,train,name,9,0.78,Coffee,train
crops\name_00268.png,Flat White,train,name,2,0.54,Coffee,train
crops\name_00269.png,Flat White,train,name,4,0.85,Coffee,train
crops\name_00270.png,Flat White,test,name,10,0.54,Coffee,train
crops\name_00271.png,Flat White,train,name,8,0.6,Coffee,train
crops\name_00272.png,Flat White,train,name,11,0.94,Coffee,train
crops\name_00273.png,Flat White,train,name,4,0.6,Coffee,train
crops\name_00274.png,Flat White,train,name,4,0.4,Coffee,train
crops\name_00275.png,Flat White,test,name,10,0.7,Coffee,train
crops\price_00276.png,"6,05",train,price,5,0.46,Coffee,train
crops\price_00277.png,"6,05",val,price,12,0.73,Coffee,train
crops\price_00278.png,"6,05",val,price,7,0.86,Coffee,train
crops\price_00279.png,"6,05",train,price,1,0.95,Coffee,train
crops\price_00280.png,"6,05",train,price,9,0.57,Coffee,train
crops\price_00281.png,"6,05",train,price,4,0.8,Coffee,train
crops\price_00282.png,"6,05",train,price,0,0.67,Coffee,train
crops\price_00283.png,"6,05",train,price,9,0.5,Coffee,train
crops\price_00284.png,"6,05",test,price,10,0.47,Coffee,train
crops\price_00285.png,"6,05",train,price,5,0.79,Coffee,train
crops\price_00286.png,"6,05",train,price,4,0.89,Coffee,train
crops\price_00287.png,"6,05",train,price,2,0.75,Coffee,train
crops\price_00288.png,"6,05",train,price,1,0.74,Coffee,train
crops\price_00289.png,"6,05",train,price,1,0.63,Coffee,train
crops\price_00290.png,"6,05",train,price,4,0.44,Coffee,train
crops\price_00291.png,"6,05",val,price,12,0.52,Coffee,train
crops\price_00292.png,"6,05",train,price,1,0.61,Coffee,train
crops\price_00293.png,"6,05",train,price,8,0.49,Coffee,train
crops\price_00294.png,"6,05",val,price,7,0.67,Coffee,train
crops\price_00295.png,"6,05",train,price,1,0.72,Coffee,train
crops\price_00296.png,"6,05",test,price,10,0.5,Coffee,train
crops\price_00297.png,"6,05",test,price,10,0.8,Coffee,train
crops\price_00298.png,"6,05",train,price,5,0.5,Coffee,train
crops\name_00299.png,Mocha,test,name,3,0.53,Coffee,train
crops\name_00300.png,Mocha,val,name,12,0.56,Coffee,train
crops\name_00301.png,Mocha,train,name,0,0.65,Coffee,train
crops\name_00302.png,Mocha,test,name,3,0.95,Coffee,train
crops\name_00303.png,Mocha,train,name,0,0.87,Coffee,train
crops\name_00304.png,Mocha,val,name,12,0.6,Coffee,train
crops\name_00305.png,Mocha,train,name,9,0.4,Coffee,train
crops\name_00306.png,Mocha,val,name,12,0.55,Coffee,train
crops\name_00307.png,Mocha,val,name,12,0.69,Coffee,train
crops\name_00308.png,Mocha,val,name,12,0.56,Coffee,train
crops\name_00309.png,Mocha,train,name,1,0.88,Coffee,train
crops\name_00310.png,Mocha,train,name,2,0.46,Coffee,train
crops\name_00311.png,Mocha,train,name,2,0.71,Coffee,train
crops\name_00312.png,Mocha,train,name,9,0.56,Coffee,train
crops\name_00313.png,Mocha,train,name,4,0.84,Coffee,train
crops\name_00314.png,Mocha,test,name,3,0.84,Coffee,train
crops\name_00315.png,Mocha,train,name,5,0.58,Coffee,train
crops\name_00316.png,Mocha,train,name,9,0.59,Coffee,train
crops\name_00317.png,Mocha,val,name,12,0.9,Coffee,train
crops\name_00318.png,Mocha,train,name,2,0.63,Coffee,train
crops\name_00319.png,Mocha,train,name,8,0.75,Coffee,train
crops\name_00320.png,Mocha,train,name,1,0.53,Coffee,train
crops\name_00321.png,Mocha,train,name,4,0.6,Coffee,train
crops\price_00322.png,9.84 DT,val,price,12,0.81,Coffee,train
crops\price_00323.png,9.84 DT,train,price,4,0.84,Coffee,train
crops\price_00324.png,9.84 DT,train,price,6,0.42,Coffee,train
crops\price_00325.png,9.84 DT,train,price,1,0.52,Coffee,train
crops\price_00326.png,9.84 DT,val,price,7,0.83,Coffee,train
crops\price_00327.png,9.84 DT,train,price,8,0.56,Coffee,train
crops\price_00328.png,9.84 DT,test,price,10,0.57,Coffee,train
crops\price_00329.png,9.84 DT,train,price,4,0.71,Coffee,train
crops\price_00330.png,9.84 DT,train,price,4,0.85,Coffee,train
crops\price_00331.png,9.84 DT,train,price,9,0.5,Coffee,train
crops\price_00332.png,9.84 DT,test,price,10,0.58,Coffee,train
crops\price_00333.png,9.84 DT,test,price,3,0.59,Coffee,train
crops\price_00334.png,9.84 DT,train,price,2,0.72,Coffee,train
crops\price_00335.png,9.84 DT,train,price,2,0.84,Coffee,train
crops\price_00336.png,9.84 DT,test,price,10,0.74,Coffee,train
crops\price_00337.png,9.84 DT,train,price,0,0.58,Coffee,train
crops\price_00338.png,9.84 DT,train,price,0,0.68,Coffee,train
crops\price_00339.png,9.84 DT,train,price,5,0.77,Coffee,train
crops\price_00340.png,9.84 DT,test,price,3,0.53,Coffee,train
crops\price_00341.png,9.84 DT,train,price,0,0.88,Coffee,train
crops\price_00342.png,9.84 DT,train,price,8,0.94,Coffee,train
crops\price_00343.png,9.84 DT,val,price,7,0.89,Coffee,train
crops\price_00344.png,9.84 DT,train,price,5,0.91,Coffee,train
crops\name_00345.png,Macchiato,train,name,6,0.82,Coffee,train
crops\name_00346.png,Macchiato,val,name,12,0.46,Coffee,train
crops\name_00347.png,Macchiato,train,name,9,0.43,Coffee,train
crops\name_00348.png,Macchiato,train,name,9,0.48,Coffee,train
crops\name_00349.png,Macchiato,val,name,12,0.76,Coffee,train
crops\name_00350.png,Macchiato,train,name,11,0.78,Coffee,train
crops\name_00351.png,Macchiato,train,name,8,0.79,Coffee,train
crops\name_00352.png,Macchiato,val,name,12,0.47,Coffee,train
crops\name_00353.png,Macchiato,train,name,5,0.8,Coffee,train
crops\name_00354.png,Macchiato,val,name,12,0.73,Coffee,train
crops\name_00355.png,Macchiato,train,name,4,0.93,Coffee,train
crops\name_00356.png,Macchiato,train,name,0,0.44,Coffee,train
crops\name_00357.png,Macchiato,train,name,1,0.6,Coffee,train
crops\name_00358.png,Macchiato,test,name,10,0.82,Coffee,train
crops\name_00359.png,Macchiato,train,name,2,0.46,Coffee,train
crops\name_00360.png,Macchiato,test,name,10,0.89,Coffee,train
crops\name_00361.png,Macchiato,val,name,7,0.71,Coffee,train
crops\name_00362.png,Macchiato,train,name,11,0.68,Coffee,train
crops\name_00363.png,Macchiato,val,name,12,0.46,Coffee,train
crops\name_00364.png,Macchiato,train,name,4,0.81,Coffee,train
crops\name_00365.png,Macchiato,train,name,11,0.62,Coffee,train
crops\name_00366.png,Macchiato,train,name,1,0.59,Coffee,train
crops\name_00367.png,Macchiato,train,name,11,0.5,Coffee,train
crops\price_00368.png,5.03,train,price,5,0.6,Coffee,train
crops\price_00369.png,5.03,train,price,1,0.94,Coffee,train
crops\price_00370.png,5.03,train,price,0,0.65,Coffee,train
crops\price_00371.png,5.03,train,price,5,0.41,Coffee,train
crops\price_00372.png,5.03,train,price,1,0.48,Coffee,train
crops\price_00373.png,5.03,train,price,5,0.53,Coffee,train
crops\price_00374.png,5.03,train,price,11,0.81,Coffee,train
crops\price_00375.png,5.03,val,price,7,0.64,Coffee,train
crops\price_00376.png,5.03,train,price,6,0.4,Coffee,train
crops\price_00377.png,5.03,train,price,0,0.84,Coffee,train
crops\price_00378.png,5.03,val,price,12,0.71,Coffee,train
crops\price_00379.png,5.03,train,price,5,0.44,Coffee,train
crops\price_00380.png,5.03,val,price,12,0.91,Coffee,train
crops\price_00381.png,5.03,train,price,6,0.6,Coffee,train
crops\price_00382.png,5.03,train,price,2,0.63,Coffee,train
crops\price_00383.png,5.03,train,price,2,0.42,Coffee,train
crops\price_00384.png,5.03,train,price,6,0.4,Coffee,train
crops\price_00385.png,5.03,train,price,0,0.57,Coffee,train
crops\price_00386.png,5.03,train,price,0,0.92,Coffee,train
crops\price_00387.png,5.03,train,price,11,0.48,Coffee,train
crops\price_00388.png,5.03,train,price,2,0.87,Coffee,train
crops\price_00389.png,5.03,train,price,5,0.89,Coffee,train
crops\price_00390.png,5.03,train,price,4,0.84,Coffee,train
crops\name_00391.png,Cold Brew,train,name,11,0.5,Coffee,train
crops\name_00392.png,Cold Brew,train,name,1,0.57,Coffee,train
crops\name_00393.png,Cold Brew,train,name,1,0.47,Coffee,train
crops\name_00394.png,Cold Brew,train,name,11,0.73,Coffee,train
crops\name_00395.png,Cold Brew,val,name,12,0.57,Coffee,train
crops\name_00396.png,Cold Brew,train,name,5,0.89,Coffee,train
crops\name_00397.png,Cold Brew,train,name,9,0.94,Coffee,train
crops\name_00398.png,Cold Brew,train,name,5,0.75,Coffee,train
crops\name_00399.png,Cold Brew,train,name,6,0.51,Coffee,train
crops\name_00400.png,Cold Brew,train,name,6,0.64,Coffee,train
crops\name_00401.png,Cold Brew,test,name,10,0.88,Coffee,train
crops\name_00402.png,Cold Brew,val,name,12,0.42,Coffee,train
crops\name_00403.png,Cold Brew,train,name,1,0.62,Coffee,train
crops\name_00404.png,Cold Brew,train,name,6,0.88,Coffee,train
crops\name_00405.png,Cold Brew,train,name,4,0.83,Coffee,train
crops\name_00406.png,Cold Brew,train,name,11,0.73,Coffee,train
crops\name_00407.png,Cold Brew,test,name,3,0.56,Coffee,train
crops\name_00408.png,Cold Brew,train,name,11,0.43,Coffee,train
crops\name_00409.png,Cold Brew,val,name,12,0.59,Coffee,train
crops\name_00410.png,Cold Brew,test,name,10,0.45,Coffee,train
crops\name_00411.png,Cold Brew,test,name,3,0.53,Coffee,train
crops\name_00412.png,Cold Brew,train,name,6,0.78,Coffee,train
crops\name_00413.png,Cold Brew,train,name,4,0.73,Coffee,train
crops\price_00414.png,"6,77",train,price,0,0.88,Coffee,train
crops\price_00415.png,"6,77",train,price,1,0.56,Coffee,train
crops\price_00416.png,"6,77",train,price,5,0.81,Coffee,train
crops\price_00417.png,"6,77",train,price,5,0.52,Coffee,train
crops\price_00418.png,"6,77",val,price,7,0.77,Coffee,train
crops\price_00419.png,"6,77",val,price,12,0.43,Coffee,train
crops\price_00420.png,"6,77",train,price,1,0.42,Coffee,train
crops\price_00421.png,"6,77",test,price,3,0.75,Coffee,train
crops\price_00422.png,"6,77",train,price,6,0.66,Coffee,train
crops\price_00423.png,"6,77",test,price,10,0.88,Coffee,train
crops\price_00424.png,"6,77",train,price,8,0.68,Coffee,train
crops\price_00425.png,"6,77",train,price,5,0.93,Coffee,train
crops\price_00426.png,"6,77",val,price,7,0.59,Coffee,train
crops\price_00427.png,"6,77",train,price,4,0.73,Coffee,train
crops\price_00428.png,"6,77",val,price,12,0.92,Coffee,train
crops\price_00429.png,"6,77",train,price,2,0.49,Coffee,train
crops\price_00430.png,"6,77",test,price,10,0.95,Coffee,train
crops\price_00431.png,"6,77",train,price,6,0.8,Coffee,train
crops\price_00432.png,"6,77",train,price,8,0.91,Coffee,train
crops\price_00433.png,"6,77",train,price,6,0.48,Coffee,train
crops\price_00434.png,"6,77",train,price,6,0.47,Coffee,train
crops\price_00435.png,"6,77",train,price,11,0.49,Coffee,train
crops\price_00436.png,"6,77",test,price,3,0.77,Coffee,train
crops\name_00437.png,Iced Latte,val,name,12,0.67,Coffee,train
crops\name_00438.png,Iced Latte,train,name,2,0.74,Coffee,train
crops\name_00439.png,Iced Latte,train,name,1,0.77,Coffee,train
crops\name_00440.png,Iced Latte,val,name,12,0.4,Coffee,train
crops\name_00441.png,Iced Latte,val,name,7,0.92,Coffee,train
crops\name_00442.png,Iced Latte,train,name,1,0.71,Coffee,train
crops\name_00443.png,Iced Latte,train,name,4,0.86,Coffee,train
crops\name_00444.png,Iced Latte,val,name,7,0.74,Coffee,train
crops\name_00445.png,Iced Latte,train,name,5,0.44,Coffee,train
crops\name_00446.png,Iced Latte,train,name,9,0.8,Coffee,train
crops\name_00447.png,Iced Latte,train,name,5,0.57,Coffee,train
crops\name_00448.png,Iced Latte,train,name,9,0.52,Coffee,train
crops\name_00449.png,Iced Latte,test,name,3,0.75,Coffee,train
crops\name_00450.png,Iced Latte,train,name,0,0.75,Coffee,train
crops\name_00451.png,Iced Latte,train,name,5,0.8,Coffee,train
crops\name_00452.png,Iced Latte,train,name,8,0.68,Coffee,train
crops\name_00453.png,Iced Latte,train,name,2,0.46,Coffee,train
crops\name_00454.png,Iced Latte,test,name,3,0.81,Coffee,train
crops\name_00455.png,Iced Latte,train,name,4,0.54,Coffee,train
crops\name_00456.png,Iced Latte,train,name,2,0.7,Coffee,train
crops\name_00457.png,Iced Latte,train,name,4,0.88,Coffee,train
crops\name_00458.png,Iced Latte,train,name,8,0.45,Coffee,train
crops\name_00459.png,Iced Latte,train,name,8,0.46,Coffee,train
crops\price_00460.png,7.830,train,price,6,0.81,Coffee,train
crops\price_00461.png,7.830,train,price,11,0.71,Coffee,train
crops\price_00462.png,7.830,train,price,5,0.84,Coffee,train
crops\price_00463.png,7.830,val,price,7,0.63,Coffee,train
crops\price_00464.png,7.830,train,price,6,0.7,Coffee,train
crops\price_00465.png,7.830,train,price,11,0.9,Coffee,train
crops\price_00466.png,7.830,val,price,7,0.66,Coffee,train
crops\price_00467.png,7.830,test,price,10,0.41,Coffee,train
crops\price_00468.png,7.830,val,price,7,0.95,Coffee,train
crops\price_00469.png,7.830,train,price,6,0.45,Coffee,train
crops\price_00470.png,7.830,train,price,2,0.73,Coffee,train
crops\price_00471.png,7.830,train,price,4,0.86,Coffee,train
crops\price_00472.png,7.830,val,price,7,0.67,Coffee,train
crops\price_00473.png,7.830,val,price,7,0.53,Coffee,train
crops\price_00474.png,7.830,train,price,8,0.7,Coffee,train
crops\price_00475.png,7.830,train,price,2,0.82,Coffee,train
crops\price_00476.png,7.830,val,price,12,0.62,Coffee,train
crops\price_00477.png,7.830,train,price,6,0.51,Coffee,train
crops\price_00478.png,7.830,test,price,10,0.56,Coffee,train
crops\price_00479.png,7.830,train,price,2,0.53,Coffee,train
crops\price_00480.png,7.830,train,price,8,0.92,Coffee,train
crops\price_00481.png,7.830,train,price,5,0.65,Coffee,train
crops\price_00482.png,7.830,val,price,12,0.87,Coffee,train
crops\name_00483.png,Affogato,train,name,4,0.76,Coffee,train
crops\name_00484.png,Affogato,train,name,8,0.42,Coffee,train
crops\name_00485.png,Affogato,test,name,3,0.78,Coffee,train
crops\name_00486.png,Affogato,train,name,8,0.43,Coffee,train
crops\name_00487.png,Affogato,train,name,4,0.67,Coffee,train
crops\name_00488.png,Affogato,test,name,3,0.95,Coffee,train
crops\name_00489.png,Affogato,train,name,6,0.88,Coffee,train
crops\name_00490.png,Affogato,train,name,1,0.92,Coffee,train
crops\name_00491.png,Affogato,train,name,6,0.6,Coffee,train
crops\name_00492.png,Affogato,train,name,8,0.48,Coffee,train
crops\name_00493.png,Affogato,train,name,11,0.61,Coffee,train
crops\name_00494.png,Affogato,val,name,12,0.63,Coffee,train
crops\name_00495.png,Affogato,test,name,10,0.52,Coffee,train
crops\name_00496.png,Affogato,train,name,1,0.86,Coffee,train
crops\name_00497.png,Affogato,test,name,10,0.68,Coffee,train
crops\name_00498.png,Affogato,val,name,12,0.58,Coffee,train
crops\name_00499.png,Affogato,train,name,9,0.73,Coffee,train
crops\name_00500.png,Affogato,train,name,11,0.56,Coffee,train
crops\name_00501.png,Affogato,train,name,5,0.85,Coffee,train
crops\name_00502.png,Affogato,test,name,3,0.65,Coffee,train
crops\name_00503.png,Affogato,val,name,7,0.87,Coffee,train
crops\name_00504.png,Affogato,train,name,6,0.49,Coffee,train
crops\name_00505.png,Affogato,train,name,8,0.92,Coffee,train
crops\price_00506.png,11.08,train,price,4,0.94,Coffee,train
crops\price_00507.png,11.08,train,price,5,0.91,Coffee,train
crops\price_00508.png,11.08,train,price,1,0.85,Coffee,train
crops\price_00509.png,11.08,test,price,3,0.55,Coffee,train
crops\price_00510.png,11.08,val,price,7,0.51,Coffee,train
crops\price_00511.png,11.08,train,price,4,0.81,Coffee,train
crops\price_00512.png,11.08,train,price,1,0.52,Coffee,train
crops\price_00513.png,11.08,val,price,12,0.68,Coffee,train
crops\price_00514.png,11.08,test,price,3,0.47,Coffee,train
crops\price_00515.png,11.08,val,price,7,0.89,Coffee,train
crops\price_00516.png,11.08,train,price,9,0.67,Coffee,train
crops\price_00517.png,11.08,train,price,11,0.61,Coffee,train
crops\price_00518.png,11.08,val,price,12,0.63,Coffee,train
crops\price_00519.png,11.08,train,price,8,0.83,Coffee,train
crops\price_00520.png,11.08,val,price,7,0.46,Coffee,train
crops\price_00521.png,11.08,train,price,9,0.41,Coffee,train
crops\price_00522.png,11.08,test,price,3,0.84,Coffee,train
crops\price_00523.png,11.08,train,price,11,0.86,Coffee,train
crops\price_00524.png,11.08,val,price,12,0.73,Coffee,train
crops\price_00525.png,11.08,train,price,11,0.65,Coffee,train
crops\price_00526.png,11.08,train,price,8,0.66,Coffee,train
crops\price_00527.png,11.08,train,price,8,0.85,Coffee,train
crops\price_00528.png,11.08,train,price,4,0.87,Coffee,train
crops\name_00529.png,Turkish Coffee,train,name,5,0.45,Coffee,train
crops\name_00530.png,Turkish Coffee,train,name,8,0.63,Coffee,train
crops\name_00531.png,Turkish Coffee,val,name,7,0.6,Coffee,train
crops\name_00532.png,Turkish Coffee,test,name,10,0.42,Coffee,train
crops\name_00533.png,Turkish Coffee,val,name,7,0.86,Coffee,train
crops\name_00534.png,Turkish Coffee,train,name,4,0.54,Coffee,train
crops\name_00535.png,Turkish Coffee,train,name,5,0.7,Coffee,train
crops\name_00536.png,Turkish Coffee,train,name,4,0.56,Coffee,train
crops\name_00537.png,Turkish Coffee,train,name,8,0.8,Coffee,train
crops\name_00538.png,Turkish Coffee,train,name,9,0.89,Coffee,train
crops\name_00539.png,Turkish Coffee,train,name,2,0.55,Coffee,train
crops\name_00540.png,Turkish Coffee,train,name,6,0.55,Coffee,train
crops\name_00541.png,Turkish Coffee,train,name,4,0.71,Coffee,train
crops\name_00542.png,Turkish Coffee,train,name,2,0.44,Coffee,train
crops\name_00543.png,Turkish Coffee,train,name,11,0.91,Coffee,train
crops\name_00544.png,Turkish Coffee,train,name,9,0.45,Coffee,train
crops\name_00545.png,Turkish Coffee,val,name,12,0.77,Coffee,train
crops\name_00546.png,Turkish Coffee,train,name,2,0.84,Coffee,train
crops\name_00547.png,Turkish Coffee,train,name,8,0.67,Coffee,train
crops\name_00548.png,Turkish Coffee,train,name,8,0.8,Coffee,train
crops\name_00549.png,Turkish Coffee,train,name,8,0.5,Coffee,train
crops\name_00550.png,Turkish Coffee,val,name,12,0.58,Coffee,train
crops\name_00551.png,Turkish Coffee,train,name,9,0.59,Coffee,train
crops\price_00552.png,7.050,train,price,1,0.71,Coffee,train
crops\price_00553.png,7.050,val,price,12,0.87,Coffee,train
crops\price_00554.png,7.050,train,price,9,0.83,Coffee,train
crops\price_00555.png,7.050,test,price,3,0.48,Coffee,train
crops\price_00556.png,7.050,train,price,5,0.77,Coffee,train
crops\price_00557.png,7.050,train,price,2,0.57,Coffee,train
crops\price_00558.png,7.050,train,price,6,0.45,Coffee,train
crops\price_00559.png,7.050,train,price,0,0.55,Coffee,train
crops\price_00560.png,7.050,val,price,12,0.5,Coffee,train
crops\price_00561.png,7.050,test,price,10,0.42,Coffee,train
crops\price_00562.png,7.050,train,price,8,0.58,Coffee,train
crops\price_00563.png,7.050,train,price,2,0.65,Coffee,train
crops\price_00564.png,7.050,val,price,7,0.88,Coffee,train
crops\price_00565.png,7.050,train,price,9,0.43,Coffee,train
crops\price_00566.png,7.050,train,price,8,0.91,Coffee,train
crops\price_00567.png,7.050,test,price,10,0.42,Coffee,train
crops\price_00568.png,7.050,train,price,9,0.93,Coffee,train
crops\price_00569.png,7.050,train,price,8,0.64,Coffee,train
crops\price_00570.png,7.050,train,price,1,0.46,Coffee,train
crops\price_00571.png,7.050,train,price,8,0.41,Coffee,train
crops\price_00572.png,7.050,train,price,9,0.62,Coffee,train
crops\price_00573.png,7.050,val,price,7,0.67,Coffee,train
crops\price_00574.png,7.050,train,price,9,0.7,Coffee,train
crops\name_00575.png,Cortado,train,name,8,0.77,Coffee,val
crops\name_00576.png,Cortado,train,name,6,0.88,Coffee,val
crops\name_00577.png,Cortado,train,name,9,0.6,Coffee,val
crops\name_00578.png,Cortado,train,name,9,0.73,Coffee,val
crops\name_00579.png,Cortado,train,name,6,0.54,Coffee,val
crops\name_00580.png,Cortado,train,name,0,0.81,Coffee,val
crops\name_00581.png,Cortado,test,name,3,0.57,Coffee,val
crops\name_00582.png,Cortado,train,name,5,0.58,Coffee,val
crops\name_00583.png,Cortado,test,name,10,0.55,Coffee,val
crops\name_00584.png,Cortado,val,name,12,0.56,Coffee,val
crops\name_00585.png,Cortado,test,name,10,0.43,Coffee,val
crops\name_00586.png,Cortado,train,name,9,0.7,Coffee,val
crops\name_00587.png,Cortado,train,name,11,0.91,Coffee,val
crops\name_00588.png,Cortado,train,name,1,0.56,Coffee,val
crops\name_00589.png,Cortado,train,name,9,0.6,Coffee,val
crops\name_00590.png,Cortado,train,name,2,0.76,Coffee,val
crops\name_00591.png,Cortado,val,name,12,0.45,Coffee,val
crops\name_00592.png,Cortado,train,name,11,0.92,Coffee,val
crops\name_00593.png,Cortado,train,name,11,0.63,Coffee,val
crops\name_00594.png,Cortado,train,name,8,0.78,Coffee,val
crops\name_00595.png,Cortado,train,name,5,0.83,Coffee,val
crops\name_00596.png,Cortado,train,name,6,0.66,Coffee,val
crops\name_00597.png,Cortado,train,name,4,0.44,Coffee,val
crops\price_00598.png,4.82,val,price,12,0.45,Coffee,val
crops\price_00599.png,4.82,train,price,9,0.84,Coffee,val
crops\price_00600.png,4.82,train,price,1,0.57,Coffee,val
crops\price_00601.png,4.82,train,price,1,0.49,Coffee,val
crops\price_00602.png,4.82,val,price,7,0.45,Coffee,val
crops\price_00603.png,4.82,train,price,9,0.91,Coffee,val
crops\price_00604.png,4.82,train,price,6,0.74,Coffee,val
crops\price_00605.png,4.82,train,price,9,0.63,Coffee,val
crops\price_00606.png,4.82,train,price,11,0.92,Coffee,val
crops\price_00607.png,4.82,val,price,7,0.75,Coffee,val
crops\price_00608.png,4.82,train,price,4,0.81,Coffee,val
crops\price_00609.png,4.82,train,price,0,0.81,Coffee,val
crops\price_00610.png,4.82,val,price,7,0.83,Coffee,val
crops\price_00611.png,4.82,train,price,2,0.46,Coffee,val
crops\price_00612.png,4.82,train,price,0,0.71,Coffee,val
crops\price_00613.png,4.82,train,price,6,0.6,Coffee,val
crops\price_00614.png,4.82,train,price,4,0.79,Coffee,val
crops\price_00615.png,4.82,train,price,2,0.86,Coffee,val
crops\price_00616.png,4.82,test,price,10,0.92,Coffee,val
crops\price_00617.png,4.82,train,price,8,0.74,Coffee,val
crops\price_00618.png,4.82,test,price,3,0.66,Coffee,val
crops\price_00619.png,4.82,train,price,2,0.88,Coffee,val
crops\price_00620.png,4.82,train,price,1,0.92,Coffee,val
crops\name_00621.png,Ristretto,val,name,7,0.67,Coffee,train
crops\name_00622.png,Ristretto,train,name,6,0.5,Coffee,train
crops\name_00623.png,Ristretto,train,name,9,0.83,Coffee,train
crops\name_00624.png,Ristretto,train,name,0,0.55,Coffee,train
crops\name_00625.png,Ristretto,train,name,8,0.85,Coffee,train
crops\name_00626.png,Ristretto,train,name,2,0.45,Coffee,train
crops\name_00627.png,Ristretto,val,name,7,0.54,Coffee,train
crops\name_00628.png,Ristretto,train,name,8,0.9,Coffee,train
crops\name_00629.png,Ristretto,train,name,4,0.9,Coffee,train
crops\name_00630.png,Ristretto,train,name,4,0.74,Coffee,train
crops\name_00631.png,Ristretto,train,name,11,0.91,Coffee,train
crops\name_00632.png,Ristretto,train,name,9,0.55,Coffee,train
crops\name_00633.png,Ristretto,train,name,4,0.85,Coffee,train
crops\name_00634.png,Ristretto,val,name,7,0.7,Coffee,train
crops\name_00635.png,Ristretto,train,name,1,0.73,Coffee,train
crops\name_00636.png,Ristretto,train,name,0,0.92,Coffee,train
crops\name_00637.png,Ristretto,train,name,2,0.61,Coffee,train
crops\name_00638.png,Ristretto,train,name,6,0.46,Coffee,train
crops\name_00639.png,Ristretto,val,name,12,0.92,Coffee,train
crops\name_00640.png,Ristretto,test,name,3,0.44,Coffee,train
crops\name_00641.png,Ristretto,val,name,12,0.81,Coffee,train
crops\name_00642.png,Ristretto,train,name,8,0.49,Coffee,train
crops\name_00643.png,Ristretto,train,name,4,0.94,Coffee,train
crops\price_00644.png,"9,56",val,price,12,0.47,Coffee,train
crops\price_00645.png,"9,56",train,price,11,0.6,Coffee,train
crops\price_00646.png,"9,56",train,price,5,0.9,Coffee,train
crops\price_00647.png,"9,56",train,price,8,0.69,Coffee,train
crops\price_00648.png,"9,56",val,price,12,0.94,Coffee,train
crops\price_00649.png,"9,56",train,price,2,0.49,Coffee,train
crops\price_00650.png,"9,56",train,price,8,0.75,Coffee,train
crops\price_00651.png,"9,56",train,price,9,0.76,Coffee,train
crops\price_00652.png,"9,56",train,price,11,0.46,Coffee,train
crops\price_00653.png,"9,56",test,price,3,0.52,Coffee,train
crops\price_00654.png,"9,56",val,price,7,0.55,Coffee,train
crops\price_00655.png,"9,56",test,price,10,0.78,Coffee,train
crops\price_00656.png,"9,56",test,price,10,0.7,Coffee,train
crops\price_00657.png,"9,56",train,price,2,0.77,Coffee,train
crops\price_00658.png,"9,56",val,price,7,0.58,Coffee,train
crops\price_00659.png,"9,56",train,price,5,0.84,Coffee,train
crops\price_00660.png,"9,56",val,price,12,0.64,Coffee,train
crops\price_00661.png,"9,56",train,price,8,0.58,Coffee,train
crops\price_00662.png,"9,56",val,price,12,0.44,Coffee,train
crops\price_00663.png,"9,56",train,price,9,0.4,Coffee,train
crops\price_00664.png,"9,56",train,price,5,0.44,Coffee,train
crops\price_00665.png,"9,56",train,price,5,0.92,Coffee,train
crops\price_00666.png,"9,56",val,price,12,0.56,Coffee,train
crops\name_00667.png,Cafe au Lait,train,name,9,0.89,Coffee,test
crops\name_00668.png,Cafe au Lait,train,name,9,0.65,Coffee,test
crops\name_00669.png,Cafe au Lait,train,name,11,0.83,Coffee,test
crops\name_00670.png,Cafe au Lait,test,name,3,0.71,Coffee,test
crops\name_00671.png,Cafe au Lait,val,name,12,0.83,Coffee,test
crops\name_00672.png,Cafe au Lait,train,name,4,0.66,Coffee,test
crops\name_00673.png,Cafe au Lait,train,name,0,0.63,Coffee,test
crops\name_00674.png,Cafe au Lait,train,name,5,0.57,Coffee,test
crops\name_00675.png,Cafe au Lait,train,name,9,0.42,Coffee,test
crops\name_00676.png,Cafe au Lait,train,name,0,0.76,Coffee,test
crops\name_00677.png,Cafe au Lait,test,name,3,0.47,Coffee,test
crops\name_00678.png,Cafe au Lait,test,name,10,0.49,Coffee,test
crops\name_00679.png,Cafe au Lait,train,name,6,0.82,Coffee,test
crops\name_00680.png,Cafe au Lait,train,name,11,0.57,Coffee,test
crops\name_00681.png,Cafe au Lait,train,name,6,0.71,Coffee,test
crops\name_00682.png,Cafe au Lait,train,name,1,0.59,Coffee,test
crops\name_00683.png,Cafe au Lait,train,name,8,0.92,Coffee,test
crops\name_00684.png,Cafe au Lait,train,name,6,0.75,Coffee,test
crops\name_00685.png,Cafe au Lait,val,name,7,0.91,Coffee,test
crops\name_00686.png,Cafe au Lait,val,name,12,0.85,Coffee,test
crops\name_00687.png,Cafe au Lait,train,name,9,0.77,Coffee,test
crops\name_00688.png,Cafe au Lait,train,name,2,0.51,Coffee,test
crops\name_00689.png,Cafe au Lait,train,name,8,0.83,Coffee,test
crops\price_00690.png,8,train,price,11,0.65,Coffee,test
crops\price_00691.png,8,test,price,3,0.66,Coffee,test
crops\price_00692.png,8,train,price,11,0.63,Coffee,test
crops\price_00693.png,8,train,price,5,0.91,Coffee,test
crops\price_00694.png,8,train,price,8,0.68,Coffee,test
crops\price_00695.png,8,test,price,3,0.47,Coffee,test
crops\price_00696.png,8,val,price,7,0.88,Coffee,test
crops\price_00697.png,8,val,price,12,0.85,Coffee,test
crops\price_00698.png,8,test,price,3,0.7,Coffee,test
crops\price_00699.png,8,val,price,12,0.81,Coffee,test
crops\price_00700.png,8,train,price,6,0.79,Coffee,test
crops\price_00701.png,8,train,price,5,0.79,Coffee,test
crops\price_00702.png,8,train,price,0,0.62,Coffee,test
crops\price_00703.png,8,test,price,3,0.57,Coffee,test
crops\price_00704.png,8,val,price,7,0.46,Coffee,test
crops\price_00705.png,8,train,price,0,0.86,Coffee,test
crops\price_00706.png,8,val,price,12,0.44,Coffee,test
crops\price_00707.png,8,val,price,7,0.7,Coffee,test
crops\price_00708.png,8,train,price,5,0.93,Coffee,test
crops\price_00709.png,8,train,price,2,0.7,Coffee,test
crops\price_00710.png,8,val,price,7,0.89,Coffee,test
crops\price_00711.png,8,val,price,12,0.71,Coffee,test
crops\price_00712.png,8,train,price,0,0.52,Coffee,test
crops\header_00713.png,TEA,test,header,10,0.67,Tea,train
crops\header_00714.png,TEA,train,header,6,0.93,Tea,train
crops\header_00715.png,TEA,train,header,6,0.79,Tea,train
crops\header_00716.png,TEA,train,header,9,0.72,Tea,train
crops\header_00717.png,TEA,train,header,0,0.78,Tea,train
crops\header_00718.png,TEA,test,header,10,0.73,Tea,train
crops\header_00719.png,TEA,train,header,6,0.73,Tea,train
crops\header_00720.png,TEA,train,header,11,0.62,Tea,train
crops\header_00721.png,TEA,train,header,4,0.9,Tea,train
crops\header_00722.png,TEA,test,header,3,0.95,Tea,train
crops\header_00723.png,TEA,train,header,8,0.58,Tea,train
crops\header_00724.png,TEA,train,header,4,0.45,Tea,train
crops\header_00725.png,TEA,train,header,5,0.85,Tea,train
crops\header_00726.png,TEA,val,header,7,0.61,Tea,train
crops\header_00727.png,TEA,train,header,2,0.61,Tea,train
crops\header_00728.png,TEA,test,header,3,0.73,Tea,train
crops\header_00729.png,TEA,train,header,1,0.86,Tea,train
crops\header_00730.png,TEA,test,header,3,0.69,Tea,train
crops\header_00731.png,TEA,train,header,1,0.65,Tea,train
crops\header_00732.png,TEA,train,header,8,0.44,Tea,train
crops\header_00733.png,TEA,train,header,0,0.62,Tea,train
crops\header_00734.png,TEA,train,header,4,0.41,Tea,train
crops\header_00735.png,TEA,train,header,5,0.52,Tea,train
crops\name_00736.png,Mint Tea,train,name,5,0.79,Tea,train
crops\name_00737.png,Mint Tea,train,name,2,0.73,Tea,train
crops\name_00738.png,Mint Tea,train,name,6,0.62,Tea,train
crops\name_00739.png,Mint Tea,train,name,9,0.71,Tea,train
crops\name_00740.png,Mint Tea,train,name,1,0.76,Tea,train
crops\name_00741.png,Mint Tea,train,name,11,0.77,Tea,train
crops\name_00742.png,Mint Tea,train,name,6,0.94,Tea,train
crops\name_00743.png,Mint Tea,val,name,12,0.58,Tea,train
crops\name_00744.png,Mint Tea,train,name,2,0.51,Tea,train
crops\name_00745.png,Mint Tea,train,name,11,0.81,Tea,train
crops\name_00746.png,Mint Tea,train,name,2,0.59,Tea,train
crops\name_00747.png,Mint Tea,train,name,5,0.87,Tea,train
crops\name_00748.png,Mint Tea,train,name,1,0.69,Tea,train
crops\name_00749.png,Mint Tea,train,name,11,0.87,Tea,train
crops\name_00750.png,Mint Tea,test,name,3,0.78,Tea,train
crops\name_00751.png,Mint Tea,test,name,3,0.57,Tea,train
crops\name_00752.png,Mint Tea,val,name,12,0.53,Tea,train
crops\name_00753.png,Mint Tea,test,name,10,0.77,Tea,train
crops\name_00754.png,Mint Tea,train,name,1,0.95,Tea,train
crops\name_00755.png,Mint Tea,test,name,3,0.6,Tea,train
crops\name_00756.png,Mint Tea,train,name,9,0.41,Tea,train
crops\name_00757.png,Mint Tea,train,name,6,0.91,Tea,train
crops\name_00758.png,Mint Tea,train,name,1,0.41,Tea,train
crops\price_00759.png,4.51,val,price,7,0.9,Tea,train
crops\price_00760.png,4.51,train,price,6,0.91,Tea,train
crops\price_00761.png,4.51,train,price,5,0.5,Tea,train
crops\price_00762.png,4.51,train,price,1,0.86,Tea,train
crops\price_00763.png,4.51,train,price,0,0.69,Tea,train
crops\price_00764.png,4.51,val,price,12,0.62,Tea,train
crops\price_00765.png,4.51,train,price,6,0.75,Tea,train
crops\price_00766.png,4.51,train,price,5,0.94,Tea,train
crops\price_00767.png,4.51,train,price,2,0.7,Tea,train
crops\price_00768.png,4.51,train,price,0,0.88,Tea,train
crops\price_00769.png,4.51,test,price,10,0.86,Tea,train
crops\price_00770.png,4.51,train,price,2,0.89,Tea,train
crops\price_00771.png,4.51,train,price,4,0.55,Tea,train
crops\price_00772.png,4.51,train,price,11,0.95,Tea,train
crops\price_00773.png,4.51,train,price,9,0.72,Tea,train
crops\price_00774.png,4.51,train,price,6,0.73,Tea,train
crops\price_00775.png,4.51,train,price,9,0.85,Tea,train
crops\price_00776.png,4.51,train,price,6,0.7,Tea,train
crops\price_00777.png,4.51,train,price,4,0.53,Tea,train
crops\price_00778.png,4.51,test,price,3,0.44,Tea,train
crops\price_00779.png,4.51,test,price,10,0.41,Tea,train
crops\price_00780.png,4.51,train,price,2,0.95,Tea,train
crops\price_00781.png,4.51,train,price,4,0.76,Tea,train
crops\name_00782.png,Green Tea,train,name,4,0.78,Tea,test
crops\name_00783.png,Green Tea,train,name,9,0.44,Tea,test
crops\name_00784.png,Green Tea,train,name,6,0.57,Tea,test
crops\name_00785.png,Green Tea,train,name,4,0.54,Tea,test
crops\name_00786.png,Green Tea,val,name,7,0.88,Tea,test
crops\name_00787.png,Green Tea,test,name,10,0.51,Tea,test
crops\name_00788.png,Green Tea,train,name,6,0.55,Tea,test
crops\name_00789.png,Green Tea,train,name,5,0.61,Tea,test
crops\name_00790.png,Green Tea,train,name,6,0.78,Tea,test
crops\name_00791.png,Green Tea,test,name,3,0.86,Tea,test
crops\name_00792.png,Green Tea,train,name,11,0.49,Tea,test
crops\name_00793.png,Green Tea,train,name,11,0.92,Tea,test
crops\name_00794.png,Green Tea,val,name,7,0.46,Tea,test
crops\name_00795.png,Green Tea,train,name,6,0.67,Tea,test
crops\name_00796.png,Green Tea,train,name,9,0.56,Tea,test
crops\name_00797.png,Green Tea,test,name,10,0.59,Tea,test
crops\name_00798.png,Green Tea,test,name,10,0.72,Tea,test
crops\name_00799.png,Green Tea,train,name,11,0.86,Tea,test
crops\name_00800.png,Green Tea,train,name,5,0.54,Tea,test
crops\name_00801.png,Green Tea,train,name,5,0.84,Tea,test
crops\name_00802.png,Green Tea,train,name,0,0.42,Tea,test
crops\name_00803.png,Green Tea,train,name,9,0.72,Tea,test
crops\name_00804.png,Green Tea,test,name,10,0.4,Tea,test
crops\price_00805.png,11.100,train,price,8,0.83,Tea,test
crops\price_00806.png,11.100,val,price,7,0.61,Tea,test
crops\price_00807.png,11.100,train,price,2,0.8,Tea,test
crops\price_00808.png,11.100,train,price,2,0.65,Tea,test
crops\price_00809.png,11.100,train,price,1,0.47,Tea,test
crops\price_00810.png,11.100,test,price,3,0.6,Tea,test
crops\price_00811.png,11.100,val,price,7,0.48,Tea,test
crops\price_00812.png,11.100,train,price,5,0.53,Tea,test
crops\price_00813.png,11.100,test,price,10,0.54,Tea,test
crops\price_00814.png,11.100,train,price,9,0.76,Tea,test
crops\price_00815.png,11.100,train,price,2,0.72,Tea,test
crops\price_00816.png,11.100,train,price,5,0.57,Tea,test
crops\price_00817.png,11.100,train,price,5,0.57,Tea,test
crops\price_00818.png,11.100,train,price,1,0.8,Tea,test
crops\price_00819.png,11.100,train,price,9,0.55,Tea,test
crops\price_00820.png,11.100,val,price,12,0.59,Tea,test
crops\price_00821.png,11.100,val,price,12,0.91,Tea,test
crops\price_00822.png,11.100,train,price,9,0.57,Tea,test
crops\price_00823.png,11.100,train,price,4,0.77,Tea,test
crops\price_00824.png,11.100,train,price,2,0.64,Tea,test
crops\price_00825.png,11.100,test,price,10,0.61,Tea,test
crops\price_00826.png,11.100,train,price,11,0.63,Tea,test
crops\price_00827.png,11.100,train,price,6,0.48,Tea,test
crops\name_00828.png,Black Tea,train,name,0,0.87,Tea,val
crops\name_00829.png,Black Tea,train,name,5,0.42,Tea,val
crops\name_00830.png,Black Tea,train,name,6,0.42,Tea,val
crops\name_00831.png,Black Tea,val,name,12,0.86,Tea,val
crops\name_00832.png,Black Tea,train,name,4,0.87,Tea,val
crops\name_00833.png,Black Tea,train,name,2,0.91,Tea,val
crops\name_00834.png,Black Tea,train,name,4,0.64,Tea,val
crops\name_00835.png,Black Tea,test,name,3,0.42,Tea,val
crops\name_00836.png,Black Tea,train,name,9,0.7,Tea,val
crops\name_00837.png,Black Tea,train,name,8,0.83,Tea,val
crops\name_00838.png,Black Tea,val,name,12,0.67,Tea,val
crops\name_00839.png,Black Tea,train,name,8,0.81,Tea,val
crops\name_00840.png,Black Tea,val,name,7,0.72,Tea,val
crops\name_00841.png,Black Tea,train,name,8,0.72,Tea,val
crops\name_00842.png,Black Tea,train,name,6,0.9,Tea,val
crops\name_00843.png,Black Tea,val,name,12,0.65,Tea,val
crops\name_00844.png,Black Tea,train,name,1,0.59,Tea,val
crops\name_00845.png,Black Tea,train,name,9,0.79,Tea,val
crops\name_00846.png,Black Tea,train,name,5,0.64,Tea,val
crops\name_00847.png,Black Tea,test,name,3,0.85,Tea,val
crops\name_00848.png,Black Tea,train,name,11,0.77,Tea,val
crops\name_00849.png,Black Tea,train,name,6,0.46,Tea,val
crops\name_00850.png,Black Tea,train,name,5,0.89,Tea,val
crops\price_00851.png,11.830,train,price,0,0.56,Tea,val
crops\price_00852.png,11.830,train,price,2,0.89,Tea,val
crops\price_00853.png,11.830,train,price,0,0.8,Tea,val
crops\price_00854.png,11.830,val,price,12,0.45,Tea,val
crops\price_00855.png,11.830,train,price,1,0.65,Tea,val
crops\price_00856.png,11.830,train,price,9,0.56,Tea,val
crops\price_00857.png,11.830,train,price,6,0.59,Tea,val
crops\price_00858.png,11.830,train,price,5,0.56,Tea,val
crops\price_00859.png,11.830,train,price,4,0.93,Tea,val
crops\price_00860.png,11.830,train,price,8,0.49,Tea,val
crops\price_00861.png,11.830,val,price,7,0.45,Tea,val
crops\price_00862.png,11.830,train,price,8,0.53,Tea,val
crops\price_00863.png,11.830,val,price,7,0.66,Tea,val
crops\price_00864.png,11.830,test,price,3,0.81,Tea,val
crops\price_00865.png,11.830,val,price,7,0.8,Tea,val
crops\price_00866.png,11.830,train,price,8,0.63,Tea,val
crops\price_00867.png,11.830,train,price,9,0.48,Tea,val
crops\price_00868.png,11.830,train,price,2,0.46,Tea,val
crops\price_00869.png,11.830,train,price,9,0.7,Tea,val
crops\price_00870.png,11.830,train,price,9,0.53,Tea,val
crops\price_00871.png,11.830,train,price,0,0.5,Tea,val
crops\price_00872.png,11.830,train,price,2,0.6,Tea,val
crops\price_00873.png,11.830,train,price,9,0.88,Tea,val
crops\name_00874.png,Chamomile,train,name,2,0.48,Tea,val
crops\name_00875.png,Chamomile,train,name,8,0.52,Tea,val
crops\name_00876.png,Chamomile,test,name,10,0.42,Tea,val
crops\name_00877.png,Chamomile,train,name,11,0.86,Tea,val
crops\name_00878.png,Chamomile,train,name,9,0.62,Tea,val
crops\name_00879.png,Chamomile,train,name,11,0.59,Tea,val
crops\name_00880.png,Chamomile,val,name,12,0.87,Tea,val
crops\name_00881.png,Chamomile,train,name,8,0.75,Tea,val
crops\name_00882.png,Chamomile,train,name,0,0.46,Tea,val
crops\name_00883.png,Chamomile,train,name,9,0.4,Tea,val
crops\name_00884.png,Chamomile,train,name,6,0.68,Tea,val
crops\name_00885.png,Chamomile,val,name,7,0.7,Tea,val
crops\name_00886.png,Chamomile,test,name,10,0.5,Tea,val
crops\name_00887.png,Chamomile,train,name,9,0.69,Tea,val
crops\name_00888.png,Chamomile,test,name,10,0.72,Tea,val
crops\name_00889.png,Chamomile,train,name,9,0.44,Tea,val
crops\name_00890.png,Chamomile,train,name,8,0.51,Tea,val
crops\name_00891.png,Chamomile,train,name,2,0.75,Tea,val
crops\name_00892.png,Chamomile,train,name,11,0.84,Tea,val
crops\name_00893.png,Chamomile,train,name,1,0.55,Tea,val
crops\name_00894.png,Chamomile,train,name,0,0.47,Tea,val
crops\name_00895.png,Chamomile,train,name,8,0.88,Tea,val
crops\name_00896.png,Chamomile,test,name,10,0.65,Tea,val
crops\price_00897.png,10.10 TND,test,price,3,0.42,Tea,val
crops\price_00898.png,10.10 TND,test,price,3,0.89,Tea,val
crops\price_00899.png,10.10 TND,train,price,1,0.92,Tea,val
crops\price_00900.png,10.10 TND,train,price,5,0.73,Tea,val
crops\price_00901.png,10.10 TND,test,price,10,0.85,Tea,val
crops\price_00902.png,10.10 TND,val,price,12,0.46,Tea,val
crops\price_00903.png,10.10 TND,test,price,3,0.44,Tea,val
crops\price_00904.png,10.10 TND,train,price,4,0.54,Tea,val
crops\price_00905.png,10.10 TND,train,price,1,0.58,Tea,val
crops\price_00906.png,10.10 TND,train,price,0,0.95,Tea,val
crops\price_00907.png,10.10 TND,train,price,1,0.44,Tea,val
crops\price_00908.png,10.10 TND,val,price,7,0.64,Tea,val
crops\price_00909.png,10.10 TND,train,price,11,0.49,Tea,val
crops\price_00910.png,10.10 TND,train,price,8,0.5,Tea,val
crops\price_00911.png,10.10 TND,train,price,9,0.73,Tea,val
crops\price_00912.png,10.10 TND,train,price,5,0.81,Tea,val
crops\price_00913.png,10.10 TND,train,price,0,0.55,Tea,val
crops\price_00914.png,10.10 TND,test,price,3,0.62,Tea,val
crops\price_00915.png,10.10 TND,train,price,9,0.69,Tea,val
crops\price_00916.png,10.10 TND,train,price,11,0.8,Tea,val
crops\price_00917.png,10.10 TND,train,price,9,0.72,Tea,val
crops\price_00918.png,10.10 TND,train,price,11,0.52,Tea,val
crops\price_00919.png,10.10 TND,train,price,8,0.53,Tea,val
crops\name_00920.png,Earl Grey,val,name,12,0.47,Tea,val
crops\name_00921.png,Earl Grey,train,name,0,0.49,Tea,val
crops\name_00922.png,Earl Grey,train,name,8,0.78,Tea,val
crops\name_00923.png,Earl Grey,train,name,4,0.78,Tea,val
crops\name_00924.png,Earl Grey,train,name,8,0.74,Tea,val
crops\name_00925.png,Earl Grey,train,name,0,0.69,Tea,val
crops\name_00926.png,Earl Grey,train,name,5,0.54,Tea,val
crops\name_00927.png,Earl Grey,train,name,5,0.5,Tea,val
crops\name_00928.png,Earl Grey,train,name,11,0.88,Tea,val
crops\name_00929.png,Earl Grey,train,name,4,0.65,Tea,val
crops\name_00930.png,Earl Grey,test,name,3,0.48,Tea,val
crops\name_00931.png,Earl Grey,train,name,4,0.8,Tea,val
crops\name_00932.png,Earl Grey,test,name,3,0.88,Tea,val
crops\name_00933.png,Earl Grey,train,name,0,0.63,Tea,val
crops\name_00934.png,Earl Grey,train,name,1,0.92,Tea,val
crops\name_00935.png,Earl Grey,train,name,11,0.41,Tea,val
crops\name_00936.png,Earl Grey,train,name,9,0.88,Tea,val
crops\name_00937.png,Earl Grey,train,name,2,0.82,Tea,val
crops\name_00938.png,Earl Grey,val,name,12,0.76,Tea,val
crops\name_00939.png,Earl Grey,train,name,0,0.7,Tea,val
crops\name_00940.png,Earl Grey,test,name,10,0.6,Tea,val
crops\name_00941.png,Earl Grey,train,name,6,0.61,Tea,val
crops\name_00942.png,Earl Grey,train,name,5,0.4,Tea,val
crops\price_00943.png,11.020,train,price,11,0.53,Tea,val
crops\price_00944.png,11.020,train,price,2,0.49,Tea,val
crops\price_00945.png,11.020,train,price,6,0.62,Tea,val
crops\price_00946.png,11.020,train,price,6,0.8,Tea,val
crops\price_00947.png,11.020,train,price,11,0.48,Tea,val
crops\price_00948.png,11.020,train,price,0,0.79,Tea,val
crops\price_00949.png,11.020,test,price,3,0.53,Tea,val
crops\price_00950.png,11.020,train,price,2,0.62,Tea,val
crops\price_00951.png,11.020,train,price,4,0.76,Tea,val
crops\price_00952.png,11.020,test,price,3,0.62,Tea,val
crops\price_00953.png,11.020,train,price,9,0.85,Tea,val
crops\price_00954.png,11.020,train,price,0,0.76,Tea,val
crops\price_00955.png,11.020,train,price,2,0.84,Tea,val
crops\price_00956.png,11.020,test,price,10,0.77,Tea,val
crops\price_00957.png,11.020,train,price,0,0.61,Tea,val
crops\price_00958.png,11.020,train,price,4,0.6,Tea,val
crops\price_00959.png,11.020,train,price,6,0.46,Tea,val
crops\price_00960.png,11.020,train,price,6,0.48,Tea,val
crops\price_00961.png,11.020,val,price,12,0.83,Tea,val
crops\price_00962.png,11.020,val,price,7,0.41,Tea,val
crops\price_00963.png,11.020,train,price,6,0.56,Tea,val
crops\price_00964.png,11.020,test,price,10,0.62,Tea,val
crops\price_00965.png,11.020,train,price,6,0.88,Tea,val
crops\name_00966.png,Ginger Tea,train,name,2,0.86,Tea,val
crops\name_00967.png,Ginger Tea,train,name,0,0.63,Tea,val
crops\name_00968.png,Ginger Tea,test,name,10,0.76,Tea,val
crops\name_00969.png,Ginger Tea,val,name,12,0.46,Tea,val
crops\name_00970.png,Ginger Tea,val,name,12,0.94,Tea,val
crops\name_00971.png,Ginger Tea,train,name,2,0.89,Tea,val
crops\name_00972.png,Ginger Tea,test,name,10,0.78,Tea,val
crops\name_00973.png,Ginger Tea,train,name,9,0.69,Tea,val
crops\name_00974.png,Ginger Tea,train,name,6,0.64,Tea,val
crops\name_00975.png,Ginger Tea,train,name,11,0.44,Tea,val
crops\name_00976.png,Ginger Tea,train,name,9,0.78,Tea,val
crops\name_00977.png,Ginger Tea,train,name,8,0.5,Tea,val
crops\name_00978.png,Ginger Tea,train,name,8,0.92,Tea,val
crops\name_00979.png,Ginger Tea,train,name,0,0.45,Tea,val
crops\name_00980.png,Ginger Tea,test,name,3,0.9,Tea,val
crops\name_00981.png,Ginger Tea,test,name,10,0.69,Tea,val
crops\name_00982.png,Ginger Tea,train,name,0,0.82,Tea,val
crops\name_00983.png,Ginger Tea,train,name,2,0.87,Tea,val
crops\name_00984.png,Ginger Tea,test,name,3,0.66,Tea,val
crops\name_00985.png,Ginger Tea,test,name,10,0.62,Tea,val
crops\name_00986.png,Ginger Tea,test,name,3,0.58,Tea,val
crops\name_00987.png,Ginger Tea,train,name,6,0.83,Tea,val
crops\name_00988.png,Ginger Tea,train,name,9,0.68,Tea,val
crops\price_00989.png,"5,10 dt",train,price,9,0.83,Tea,val
crops\price_00990.png,"5,10 dt",train,price,4,0.55,Tea,val
crops\price_00991.png,"5,10 dt",train,price,1,0.66,Tea,val
crops\price_00992.png,"5,10 dt",val,price,12,0.73,Tea,val
crops\price_00993.png,"5,10 dt",train,price,2,0.67,Tea,val
crops\price_00994.png,"5,10 dt",train,price,4,0.74,Tea,val
crops\price_00995.png,"5,10 dt",train,price,4,0.48,Tea,val
crops\price_00996.png,"5,10 dt",test,price,10,0.76,Tea,val
crops\price_00997.png,"5,10 dt",test,price,10,0.86,Tea,val
crops\price_00998.png,"5,10 dt",train,price,1,0.74,Tea,val
crops\price_00999.png,"5,10 dt",train,price,0,0.49,Tea,val
crops\price_01000.png,"5,10 dt",train,price,11,0.9,Tea,val
crops\price_01001.png,"5,10 dt",train,price,6,0.47,Tea,val
crops\price_01002.png,"5,10 dt",train,price,1,0.77,Tea,val
crops\price_01003.png,"5,10 dt",val,price,12,0.58,Tea,val
crops\price_01004.png,"5,10 dt",train,price,11,0.84,Tea,val
crops\price_01005.png,"5,10 dt",test,price,3,0.82,Tea,val
crops\price_01006.png,"5,10 dt",test,price,10,0.48,Tea,val
crops\price_01007.png,"5,10 dt",train,price,11,0.79,Tea,val
crops\price_01008.png,"5,10 dt",train,price,9,0.89,Tea,val
crops\price_01009.png,"5,10 dt",train,price,4,0.58,Tea,val
crops\price_01010.png,"5,10 dt",val,price,12,0.79,Tea,val
crops\price_01011.png,"5,10 dt",train,price,6,0.93,Tea,val
crops\name_01012.png,Jasmine Tea,train,name,6,0.5,Tea,test
crops\name_01013.png,Jasmine Tea,train,name,9,0.6,Tea,test
crops\name_01014.png,Jasmine Tea,train,name,9,0.53,Tea,test
crops\name_01015.png,Jasmine Tea,train,name,1,0.41,Tea,test
crops\name_01016.png,Jasmine Tea,train,name,5,0.4,Tea,test
crops\name_01017.png,Jasmine Tea,train,name,0,0.85,Tea,test
crops\name_01018.png,Jasmine Tea,train,name,6,0.69,Tea,test
crops\name_01019.png,Jasmine Tea,test,name,3,0.81,Tea,test
crops\name_01020.png,Jasmine Tea,val,name,7,0.54,Tea,test
crops\name_01021.png,Jasmine Tea,train,name,0,0.61,Tea,test
crops\name_01022.png,Jasmine Tea,train,name,2,0.78,Tea,test
crops\name_01023.png,Jasmine Tea,test,name,10,0.88,Tea,test
crops\name_01024.png,Jasmine Tea,train,name,5,0.9,Tea,test
crops\name_01025.png,Jasmine Tea,train,name,1,0.72,Tea,test
crops\name_01026.png,Jasmine Tea,train,name,9,0.75,Tea,test
crops\name_01027.png,Jasmine Tea,train,name,9,0.64,Tea,test
crops\name_01028.png,Jasmine Tea,train,name,6,0.83,Tea,test
crops\name_01029.png,Jasmine Tea,train,name,11,0.82,Tea,test
crops\name_01030.png,Jasmine Tea,train,name,6,0.45,Tea,test
crops\name_01031.png,Jasmine Tea,train,name,0,0.89,Tea,test
crops\name_01032.png,Jasmine Tea,train,name,2,0.62,Tea,test
crops\name_01033.png,Jasmine Tea,train,name,11,0.95,Tea,test
crops\name_01034.png,Jasmine Tea,train,name,8,0.87,Tea,test
crops\price_01035.png,9 TND,test,price,10,0.62,Tea,test
crops\price_01036.png,9 TND,train,price,6,0.65,Tea,test
crops\price_01037.png,9 TND,train,price,8,0.52,Tea,test
crops\price_01038.png,9 TND,test,price,10,0.49,Tea,test
crops\price_01039.png,9 TND,test,price,3,0.94,Tea,test
crops\price_01040.png,9 TND,test,price,10,0.77,Tea,test
crops\price_01041.png,9 TND,train,price,5,0.71,Tea,test
crops\price_01042.png,9 TND,train,price,11,0.91,Tea,test
crops\price_01043.png,9 TND,train,price,5,0.82,Tea,test
crops\price_01044.png,9 TND,train,price,0,0.85,Tea,test
crops\price_01045.png,9 TND,train,price,5,0.83,Tea,test
crops\price_01046.png,9 TND,train,price,9,0.91,Tea,test
crops\price_01047.png,9 TND,test,price,3,0.7,Tea,test
crops\price_01048.png,9 TND,train,price,5,0.61,Tea,test
crops\price_01049.png,9 TND,train,price,8,0.89,Tea,test
crops\price_01050.png,9 TND,val,price,7,0.56,Tea,test
crops\price_01051.png,9 TND,train,price,4,0.7,Tea,test
crops\price_01052.png,9 TND,train,price,1,0.78,Tea,test
crops\price_01053.png,9 TND,val,price,7,0.74,Tea,test
crops\price_01054.png,9 TND,train,price,4,0.4,Tea,test
crops\price_01055.png,9 TND,train,price,11,0.44,Tea,test
crops\price_01056.png,9 TND,test,price,10,0.49,Tea,test
crops\price_01057.png,9 TND,train,price,5,0.71,Tea,test
crops\name_01058.png,Herbal Infusion,train,name,0,0.85,Tea,train
crops\name_01059.png,Herbal Infusion,train,name,8,0.81,Tea,train
crops\name_01060.png,Herbal Infusion,train,name,2,0.52,Tea,train
crops\name_01061.png,Herbal Infusion,test,name,10,0.89,Tea,train
crops\name_01062.png,Herbal Infusion,train,name,0,0.7,Tea,train
crops\name_01063.png,Herbal Infusion,test,name,10,0.46,Tea,train
crops\name_01064.png,Herbal Infusion,train,name,5,0.76,Tea,train
crops\name_01065.png,Herbal Infusion,val,name,7,0.91,Tea,train
crops\name_01066.png,Herbal Infusion,train,name,6,0.57,Tea,train
crops\name_01067.png,Herbal Infusion,train,name,8,0.8,Tea,train
crops\name_01068.png,Herbal Infusion,train,name,5,0.91,Tea,train
crops\name_01069.png,Herbal Infusion,train,name,11,0.45,Tea,train
crops\name_01070.png,Herbal Infusion,train,name,9,0.42,Tea,train
crops\name_01071.png,Herbal Infusion,train,name,5,0.42,Tea,train
crops\name_01072.png,Herbal Infusion,test,name,3,0.69,Tea,train
crops\name_01073.png,Herbal Infusion,test,name,10,0.58,Tea,train
crops\name_01074.png,Herbal Infusion,train,name,1,0.53,Tea,train
crops\name_01075.png,Herbal Infusion,train,name,8,0.44,Tea,train
crops\name_01076.png,Herbal Infusion,train,name,2,0.87,Tea,train
crops\name_01077.png,Herbal Infusion,train,name,0,0.84,Tea,train
crops\name_01078.png,Herbal Infusion,test,name,10,0.41,Tea,train
crops\name_01079.png,Herbal Infusion,train,name,1,0.91,Tea,train
crops\name_01080.png,Herbal Infusion,train,name,2,0.51,Tea,train
crops\price_01081.png,11,train,price,5,0.66,Tea,train
crops\price_01082.png,11,train,price,2,0.86,Tea,train
crops\price_01083.png,11,train,price,2,0.75,Tea,train
crops\price_01084.png,11,train,price,8,0.6,Tea,train
crops\price_01085.png,11,test,price,10,0.7,Tea,train
crops\price_01086.png,11,val,price,12,0.62,Tea,train
crops\price_01087.png,11,test,price,10,0.63,Tea,train
crops\price_01088.png,11,train,price,6,0.51,Tea,train
crops\price_01089.png,11,train,price,6,0.64,Tea,train
crops\price_01090.png,11,test,price,3,0.61,Tea,train
crops\price_01091.png,11,val,price,7,0.68,Tea,train
crops\price_01092.png,11,test,price,3,0.46,Tea,train
crops\price_01093.png,11,train,price,8,0.66,Tea,train
crops\price_01094.png,11,train,price,2,0.58,Tea,train
crops\price_01095.png,11,train,price,5,0.75,Tea,train
crops\price_01096.png,11,test,price,3,0.93,Tea,train
crops\price_01097.png,11,train,price,0,0.8,Tea,train
crops\price_01098.png,11,val,price,12,0.86,Tea,train
crops\price_01099.png,11,train,price,5,0.69,Tea,train
crops\price_01100.png,11,train,price,11,0.64,Tea,train
crops\price_01101.png,11,val,price,12,0.86,Tea,train
crops\price_01102.png,11,train,price,9,0.48,Tea,train
crops\price_01103.png,11,val,price,12,0.65,Tea,train
crops\name_01104.png,Chai Latte,train,name,9,0.45,Tea,train
crops\name_01105.png,Chai Latte,test,name,10,0.88,Tea,train
crops\name_01106.png,Chai Latte,test,name,10,0.53,Tea,train
crops\name_01107.png,Chai Latte,train,name,11,0.89,Tea,train
crops\name_01108.png,Chai Latte,val,name,7,0.49,Tea,train
crops\name_01109.png,Chai Latte,train,name,5,0.76,Tea,train
crops\name_01110.png,Chai Latte,train,name,2,0.88,Tea,train
crops\name_01111.png,Chai Latte,train,name,1,0.51,Tea,train
crops\name_01112.png,Chai Latte,test,name,10,0.43,Tea,train
crops\name_01113.png,Chai Latte,train,name,9,0.93,Tea,train
crops\name_01114.png,Chai Latte,train,name,11,0.55,Tea,train
crops\name_01115.png,Chai Latte,train,name,6,0.95,Tea,train
crops\name_01116.png,Chai Latte,test,name,10,0.85,Tea,train
crops\name_01117.png,Chai Latte,train,name,5,0.76,Tea,train
crops\name_01118.png,Chai Latte,train,name,2,0.46,Tea,train
crops\name_01119.png,Chai Latte,train,name,9,0.53,Tea,train
crops\name_01120.png,Chai Latte,val,name,7,0.42,Tea,train
crops\name_01121.png,Chai Latte,train,name,9,0.76,Tea,train
crops\name_01122.png,Chai Latte,train,name,8,0.64,Tea,train
crops\name_01123.png,Chai Latte,train,name,1,0.86,Tea,train
crops\name_01124.png,Chai Latte,train,name,2,0.76,Tea,train
crops\name_01125.png,Chai Latte,train,name,2,0.67,Tea,train
crops\name_01126.png,Chai Latte,train,name,8,0.52,Tea,train
crops\price_01127.png,8.84,train,price,4,0.86,Tea,train
crops\price_01128.png,8.84,train,price,6,0.6,Tea,train
crops\price_01129.png,8.84,test,price,10,0.7,Tea,train
crops\price_01130.png,8.84,train,price,6,0.86,Tea,train
crops\price_01131.png,8.84,train,price,11,0.94,Tea,train
crops\price_01132.png,8.84,test,price,3,0.41,Tea,train
crops\price_01133.png,8.84,train,price,2,0.82,Tea,train
crops\price_01134.png,8.84,test,price,3,0.6,Tea,train
crops\price_01135.png,8.84,train,price,1,0.56,Tea,train
crops\price_01136.png,8.84,test,price,3,0.76,Tea,train
crops\price_01137.png,8.84,val,price,7,0.94,Tea,train
crops\price_01138.png,8.84,val,price,12,0.58,Tea,train
crops\price_01139.png,8.84,val,price,12,0.59,Tea,train
crops\price_01140.png,8.84,test,price,10,0.46,Tea,train
crops\price_01141.png,8.84,val,price,12,0.74,Tea,train
crops\price_01142.png,8.84,test,price,3,0.88,Tea,train
crops\price_01143.png,8.84,train,price,4,0.63,Tea,train
crops\price_01144.png,8.84,train,price,5,0.51,Tea,train
crops\price_01145.png,8.84,train,price,2,0.47,Tea,train
crops\price_01146.png,8.84,train,price,4,0.5,Tea,train
crops\price_01147.png,8.84,val,price,12,0.7,Tea,train
crops\price_01148.png,8.84,test,price,10,0.64,Tea,train
crops\price_01149.png,8.84,test,price,10,0.49,Tea,train
crops\name_01150.png,Iced Tea,test,name,3,0.4,Tea,train
crops\name_01151.png,Iced Tea,train,name,5,0.72,Tea,train
crops\name_01152.png,Iced Tea,train,name,0,0.71,Tea,train
crops\name_01153.png,Iced Tea,train,name,2,0.56,Tea,train
crops\name_01154.png,Iced Tea,test,name,3,0.57,Tea,train
crops\name_01155.png,Iced Tea,train,name,8,0.55,Tea,train
crops\name_01156.png,Iced Tea,train,name,8,0.66,Tea,train
crops\name_01157.png,Iced Tea,val,name,7,0.88,Tea,train
crops\name_01158.png,Iced Tea,test,name,3,0.92,Tea,train
crops\name_01159.png,Iced Tea,val,name,7,0.58,Tea,train
crops\name_01160.png,Iced Tea,train,name,0,0.64,Tea,train
crops\name_01161.png,Iced Tea,train,name,1,0.92,Tea,train
crops\name_01162.png,Iced Tea,train,name,2,0.95,Tea,train
crops\name_01163.png,Iced Tea,train,name,8,0.78,Tea,train
crops\name_01164.png,Iced Tea,train,name,8,0.43,Tea,train
crops\name_01165.png,Iced Tea,train,name,0,0.9,Tea,train
crops\name_01166.png,Iced Tea,train,name,4,0.8,Tea,train
crops\name_01167.png,Iced Tea,train,name,6,0.58,Tea,train
crops\name_01168.png,Iced Tea,train,name,6,0.79,Tea,train
crops\name_01169.png,Iced Tea,test,name,10,0.9,Tea,train
crops\name_01170.png,Iced Tea,val,name,12,0.85,Tea,train
crops\name_01171.png,Iced Tea,train,name,9,0.71,Tea,train
crops\name_01172.png,Iced Tea,train,name,1,0.54,Tea,train
crops\price_01173.png,6.72,train,price,1,0.89,Tea,train
crops\price_01174.png,6.72,train,price,4,0.92,Tea,train
crops\price_01175.png,6.72,train,price,2,0.92,Tea,train
crops\price_01176.png,6.72,train,price,6,0.75,Tea,train
crops\price_01177.png,6.72,train,price,0,0.41,Tea,train
crops\price_01178.png,6.72,test,price,10,0.62,Tea,train
crops\price_01179.png,6.72,train,price,8,0.94,Tea,train
crops\price_01180.png,6.72,train,price,6,0.56,Tea,train
crops\price_01181.png,6.72,train,price,6,0.53,Tea,train
crops\price_01182.png,6.72,test,price,10,0.58,Tea,train
crops\price_01183.png,6.72,test,price,10,0.83,Tea,train
crops\price_01184.png,6.72,train,price,4,0.81,Tea,train
crops\price_01185.png,6.72,test,price,3,0.42,Tea,train
crops\price_01186.png,6.72,train,price,11,0.55,Tea,train
crops\price_01187.png,6.72,test,price,10,0.71,Tea,train
crops\price_01188.png,6.72,train,price,11,0.56,Tea,train
crops\price_01189.png,6.72,train,price,5,0.57,Tea,train
crops\price_01190.png,6.72,test,price,3,0.73,Tea,train
crops\price_01191.png,6.72,train,price,5,0.7,Tea,train
crops\price_01192.png,6.72,train,price,2,0.62,Tea,train
crops\price_01193.png,6.72,val,price,12,0.53,Tea,train
crops\price_01194.png,6.72,val,price,7,0.58,Tea,train
crops\price_01195.png,6.72,train,price,5,0.46,Tea,train
crops\header_01196.png,PASTRIES,test,header,3,0.63,Pastries,train
crops\header_01197.png,PASTRIES,train,header,8,0.64,Pastries,train
crops\header_01198.png,PASTRIES,train,header,4,0.65,Pastries,train
crops\header_01199.png,PASTRIES,train,header,1,0.91,Pastries,train
crops\header_01200.png,PASTRIES,train,header,1,0.91,Pastries,train
crops\header_01201.png,PASTRIES,train,header,2,0.51,Pastries,train
crops\header_01202.png,PASTRIES,train,header,1,0.52,Pastries,train
crops\header_01203.png,PASTRIES,train,header,6,0.42,Pastries,train
crops\header_01204.png,PASTRIES,train,header,9,0.78,Pastries,train
crops\header_01205.png,PASTRIES,train,header,4,0.74,Pastries,train
crops\header_01206.png,PASTRIES,train,header,6,0.82,Pastries,train
crops\header_01207.png,PASTRIES,test,header,10,0.92,Pastries,train
crops\header_01208.png,PASTRIES,train,header,9,0.69,Pastries,train
crops\header_01209.png,PASTRIES,val,header,7,0.66,Pastries,train
crops\header_01210.png,PASTRIES,train,header,11,0.47,Pastries,train
crops\header_01211.png,PASTRIES,test,header,3,0.55,Pastries,train
crops\header_01212.png,PASTRIES,val,header,7,0.47,Pastries,train
crops\header_01213.png,PASTRIES,train,header,4,0.42,Pastries,train
crops\header_01214.png,PASTRIES,train,header,11,0.84,Pastries,train
crops\header_01215.png,PASTRIES,val,header,7,0.56,Pastries,train
crops\header_01216.png,PASTRIES,train,header,0,0.74,Pastries,train
crops\header_01217.png,PASTRIES,train,header,6,0.86,Pastries,train
crops\header_01218.png,PASTRIES,train,header,1,0.94,Pastries,train
crops\name_01219.png,Croissant,train,name,5,0.61,Pastries,train
crops\name_01220.png,Croissant,train,name,4,0.66,Pastries,train
crops\name_01221.png,Croissant,train,name,0,0.67,Pastries,train
crops\name_01222.png,Croissant,test,name,3,0.84,Pastries,train
crops\name_01223.png,Croissant,train,name,0,0.71,Pastries,train
crops\name_01224.png,Croissant,train,name,5,0.6,Pastries,train
crops\name_01225.png,Croissant,test,name,10,0.45,Pastries,train
crops\name_01226.png,Croissant,val,name,12,0.57,Pastries,train
crops\name_01227.png,Croissant,test,name,10,0.83,Pastries,train
crops\name_01228.png,Croissant,train,name,6,0.46,Pastries,train
crops\name_01229.png,Croissant,train,name,0,0.41,Pastries,train
crops\name_01230.png,Croissant,val,name,12,0.55,Pastries,train
crops\name_01231.png,Croissant,train,name,5,0.62,Pastries,train
crops\name_01232.png,Croissant,train,name,4,0.85,Pastries,train
crops\name_01233.png,Croissant,test,name,3,0.75,Pastries,train
crops\name_01234.png,Croissant,test,name,10,0.7,Pastries,train
crops\name_01235.png,Croissant,val,name,7,0.49,Pastries,train
crops\name_01236.png,Croissant,train,name,6,0.41,Pastries,train
crops\name_01237.png,Croissant,train,name,1,0.68,Pastries,train
crops\name_01238.png,Croissant,val,name,12,0.92,Pastries,train
crops\name_01239.png,Croissant,train,name,11,0.89,Pastries,train
crops\name_01240.png,Croissant,train,name,8,0.41,Pastries,train
crops\name_01241.png,Croissant,train,name,8,0.92,Pastries,train
crops\price_01242.png,"3,01",val,price,12,0.47,Pastries,train
crops\price_01243.png,"3,01",val,price,12,0.85,Pastries,train
crops\price_01244.png,"3,01",train,price,4,0.82,Pastries,train
crops\price_01245.png,"3,01",val,price,12,0.65,Pastries,train
crops\price_01246.png,"3,01",train,price,1,0.62,Pastries,train
crops\price_01247.png,"3,01",train,price,11,0.57,Pastries,train
crops\price_01248.png,"3,01",train,price,1,0.84,Pastries,train
crops\price_01249.png,"3,01",val,price,12,0.81,Pastries,train
crops\price_01250.png,"3,01",train,price,8,0.6,Pastries,train
crops\price_01251.png,"3,01",val,price,12,0.88,Pastries,train
crops\price_01252.png,"3,01",train,price,6,0.94,Pastries,train
crops\price_01253.png,"3,01",test,price,3,0.43,Pastries,train
crops\price_01254.png,"3,01",train,price,9,0.72,Pastries,train
crops\price_01255.png,"3,01",val,price,12,0.41,Pastries,train
crops\price_01256.png,"3,01",val,price,12,0.77,Pastries,train
crops\price_01257.png,"3,01",train,price,4,0.62,Pastries,train
crops\price_01258.png,"3,01",train,price,2,0.91,Pastries,train
crops\price_01259.png,"3,01",test,price,3,0.83,Pastries,train
crops\price_01260.png,"3,01",train,price,1,0.62,Pastries,train
crops\price_01261.png,"3,01",train,price,9,0.66,Pastries,train
crops\price_01262.png,"3,01",val,price,7,0.9,Pastries,train
crops\price_01263.png,"3,01",test,price,3,0.52,Pastries,train
crops\price_01264.png,"3,01",train,price,8,0.83,Pastries,train
crops\name_01265.png,Pain au Chocolat,train,name,6,0.46,Pastries,train
crops\name_01266.png,Pain au Chocolat,test,name,10,0.45,Pastries,train
crops\name_01267.png,Pain au Chocolat,train,name,4,0.59,Pastries,train
crops\name_01268.png,Pain au Chocolat,train,name,0,0.62,Pastries,train
crops\name_01269.png,Pain au Chocolat,train,name,5,0.47,Pastries,train
crops\name_01270.png,Pain au Chocolat,train,name,5,0.59,Pastries,train
crops\name_01271.png,Pain au Chocolat,val,name,7,0.67,Pastries,train
crops\name_01272.png,Pain au Chocolat,train,name,2,0.48,Pastries,train
crops\name_01273.png,Pain au Chocolat,train,name,5,0.56,Pastries,train
crops\name_01274.png,Pain au Chocolat,train,name,2,0.78,Pastries,train
crops\name_01275.png,Pain au Chocolat,train,name,4,0.79,Pastries,train
crops\name_01276.png,Pain au Chocolat,val,name,7,0.54,Pastries,train
crops\name_01277.png,Pain au Chocolat,train,name,0,0.92,Pastries,train
crops\name_01278.png,Pain au Chocolat,train,name,6,0.81,Pastries,train
crops\name_01279.png,Pain au Chocolat,train,name,0,0.83,Pastries,train
crops\name_01280.png,Pain au Chocolat,train,name,4,0.56,Pastries,train
crops\name_01281.png,Pain au Chocolat,train,name,2,0.6,Pastries,train
crops\name_01282.png,Pain au Chocolat,test,name,3,0.68,Pastries,train
crops\name_01283.png,Pain au Chocolat,train,name,6,0.61,Pastries,train
crops\name_01284.png,Pain au Chocolat,train,name,2,0.83,Pastries,train
crops\name_01285.png,Pain au Chocolat,train,name,9,0.76,Pastries,train
crops\name_01286.png,Pain au Chocolat,train,name,0,0.74,Pastries,train
crops\name_01287.png,Pain au Chocolat,train,name,1,0.46,Pastries,train
crops\price_01288.png,6.34,train,price,11,0.84,Pastries,train
crops\price_01289.png,6.34,train,price,8,0.49,Pastries,train
crops\price_01290.png,6.34,val,price,12,0.69,Pastries,train
crops\price_01291.png,6.34,train,price,1,0.42,Pastries,train
crops\price_01292.png,6.34,train,price,5,0.78,Pastries,train
crops\price_01293.png,6.34,train,price,1,0.48,Pastries,train
crops\price_01294.png,6.34,val,price,12,0.94,Pastries,train
crops\price_01295.png,6.34,train,price,0,0.57,Pastries,train
crops\price_01296.png,6.34,train,price,8,0.57,Pastries,train
crops\price_01297.png,6.34,train,price,8,0.88,Pastries,train
crops\price_01298.png,6.34,val,price,12,0.71,Pastries,train
crops\price_01299.png,6.34,train,price,11,0.9,Pastries,train
crops\price_01300.png,6.34,train,price,8,0.59,Pastries,train
crops\price_01301.png,6.34,train,price,11,0.89,Pastries,train
crops\price_01302.png,6.34,val,price,7,0.79,Pastries,train
crops\price_01303.png,6.34,train,price,2,0.45,Pastries,train
crops\price_01304.png,6.34,test,price,3,0.5,Pastries,train
crops\price_01305.png,6.34,train,price,2,0.44,Pastries,train
crops\price_01306.png,6.34,val,price,7,0.81,Pastries,train
crops\price_01307.png,6.34,train,price,4,0.47,Pastries,train
crops\price_01308.png,6.34,train,price,6,0.43,Pastries,train
crops\price_01309.png,6.34,train,price,5,0.71,Pastries,train
crops\price_01310.png,6.34,train,price,8,0.77,Pastries,train
crops\name_01311.png,Blueberry Muffin,train,name,2,0.62,Pastries,test
crops\name_01312.png,Blueberry Muffin,val,name,12,0.4,Pastries,test
crops\name_01313.png,Blueberry Muffin,train,name,1,0.44,Pastries,test
crops\name_01314.png,Blueberry Muffin,train,name,11,0.41,Pastries,test
crops\name_01315.png,Blueberry Muffin,train,name,2,0.9,Pastries,test
crops\name_01316.png,Blueberry Muffin,train,name,9,0.75,Pastries,test
crops\name_01317.png,Blueberry Muffin,train,name,2,0.62,Pastries,test
crops\name_01318.png,Blueberry Muffin,train,name,0,0.49,Pastries,test
crops\name_01319.png,Blueberry Muffin,test,name,10,0.59,Pastries,test
crops\name_01320.png,Blueberry Muffin,test,name,3,0.88,Pastries,test
crops\name_01321.png,Blueberry Muffin,train,name,0,0.91,Pastries,test
crops\name_01322.png,Blueberry Muffin,train,name,9,0.67,Pastries,test
crops\name_01323.png,Blueberry Muffin,train,name,8,0.69,Pastries,test
crops\name_01324.png,Blueberry Muffin,train,name,4,0.83,Pastries,test
crops\name_01325.png,Blueberry Muffin,train,name,6,0.44,Pastries,test
crops\name_01326.png,Blueberry Muffin,train,name,2,0.71,Pastries,test
crops\name_01327.png,Blueberry Muffin,train,name,5,0.49,Pastries,test
crops\name_01328.png,Blueberry Muffin,train,name,1,0.85,Pastries,test
crops\name_01329.png,Blueberry Muffin,test,name,3,0.56,Pastries,test
crops\name_01330.png,Blueberry Muffin,train,name,1,0.46,Pastries,test
crops\name_01331.png,Blueberry Muffin,test,name,3,0.64,Pastries,test
crops\name_01332.png,Blueberry Muffin,train,name,2,0.74,Pastries,test
crops\name_01333.png,Blueberry Muffin,train,name,0,0.58,Pastries,test
crops\price_01334.png,8,train,price,2,0.78,Pastries,test
crops\price_01335.png,8,train,price,5,0.68,Pastries,test
crops\price_01336.png,8,val,price,7,0.72,Pastries,test
crops\price_01337.png,8,train,price,1,0.41,Pastries,test
crops\price_01338.png,8,train,price,9,0.58,Pastries,test
crops\price_01339.png,8,train,price,2,0.75,Pastries,test
crops\price_01340.png,8,val,price,12,0.74,Pastries,test
crops\price_01341.png,8,train,price,8,0.73,Pastries,test
crops\price_01342.png,8,train,price,11,0.92,Pastries,test
crops\price_01343.png,8,val,price,12,0.85,Pastries,test
crops\price_01344.png,8,test,price,10,0.66,Pastries,test
crops\price_01345.png,8,val,price,7,0.6,Pastries,test
crops\price_01346.png,8,train,price,4,0.55,Pastries,test
crops\price_01347.png,8,train,price,11,0.7,Pastries,test
crops\price_01348.png,8,train,price,1,0.56,Pastries,test
crops\price_01349.png,8,train,price,0,0.44,Pastries,test
crops\price_01350.png,8,test,price,3,0.78,Pastries,test
crops\price_01351.png,8,train,price,11,0.77,Pastries,test
crops\price_01352.png,8,train,price,4,0.47,Pastries,test
crops\price_01353.png,8,train,price,6,0.54,Pastries,test
crops\price_01354.png,8,train,price,5,0.5,Pastries,test
crops\price_01355.png,8,train,price,0,0.42,Pastries,test
crops\price_01356.png,8,train,price,9,0.68,Pastries,test
crops\name_01357.png,Cinnamon Roll,test,name,10,0.71,Pastries,train
crops\name_01358.png,Cinnamon Roll,test,name,10,0.89,Pastries,train
crops\name_01359.png,Cinnamon Roll,train,name,5,0.57,Pastries,train
crops\name_01360.png,Cinnamon Roll,val,name,7,0.64,Pastries,train
crops\name_01361.png,Cinnamon Roll,train,name,1,0.57,Pastries,train
crops\name_01362.png,Cinnamon Roll,train,name,11,0.54,Pastries,train
crops\name_01363.png,Cinnamon Roll,test,name,3,0.78,Pastries,train
crops\name_01364.png,Cinnamon Roll,train,name,11,0.92,Pastries,train
crops\name_01365.png,Cinnamon Roll,train,name,4,0.93,Pastries,train
crops\name_01366.png,Cinnamon Roll,train,name,0,0.44,Pastries,train
crops\name_01367.png,Cinnamon Roll,test,name,10,0.8,Pastries,train
crops\name_01368.png,Cinnamon Roll,train,name,0,0.56,Pastries,train
crops\name_01369.png,Cinnamon Roll,test,name,3,0.88,Pastries,train
crops\name_01370.png,Cinnamon Roll,train,name,5,0.68,Pastries,train
crops\name_01371.png,Cinnamon Roll,train,name,11,0.47,Pastries,train
crops\name_01372.png,Cinnamon Roll,test,name,10,0.77,Pastries,train
crops\name_01373.png,Cinnamon Roll,test,name,3,0.83,Pastries,train
crops\name_01374.png,Cinnamon Roll,train,name,4,0.65,Pastries,train
crops\name_01375.png,Cinnamon Roll,test,name,3,0.45,Pastries,train
crops\name_01376.png,Cinnamon Roll,train,name,11,0.49,Pastries,train
crops\name_01377.png,Cinnamon Roll,test,name,3,0.8,Pastries,train
crops\name_01378.png,Cinnamon Roll,train,name,1,0.69,Pastries,train
crops\name_01379.png,Cinnamon Roll,val,name,7,0.54,Pastries,train
crops\price_01380.png,"11,13",test,price,10,0.41,Pastries,train
crops\price_01381.png,"11,13",train,price,6,0.44,Pastries,train
crops\price_01382.png,"11,13",train,price,11,0.88,Pastries,train
crops\price_01383.png,"11,13",train,price,2,0.73,Pastries,train
crops\price_01384.png,"11,13",train,price,6,0.52,Pastries,train
crops\price_01385.png,"11,13",train,price,4,0.7,Pastries,train
crops\price_01386.png,"11,13",val,price,7,0.52,Pastries,train
crops\price_01387.png,"11,13",train,price,0,0.61,Pastries,train
crops\price_01388.png,"11,13",val,price,7,0.72,Pastries,train
crops\price_01389.png,"11,13",test,price,10,0.85,Pastries,train
crops\price_01390.png,"11,13",train,price,5,0.87,Pastries,train
crops\price_01391.png,"11,13",train,price,2,0.7,Pastries,train
crops\price_01392.png,"11,13",train,price,6,0.43,Pastries,train
crops\price_01393.png,"11,13",train,price,1,0.5,Pastries,train
crops\price_01394.png,"11,13",train,price,1,0.76,Pastries,train
crops\price_01395.png,"11,13",train,price,4,0.86,Pastries,train
crops\price_01396.png,"11,13",test,price,10,0.68,Pastries,train
crops\price_01397.png,"11,13",train,price,2,0.41,Pastries,train
crops\price_01398.png,"11,13",val,price,12,0.88,Pastries,train
crops\price_01399.png,"11,13",val,price,7,0.44,Pastries,train
crops\price_01400.png,"11,13",val,price,7,0.94,Pastries,train
crops\price_01401.png,"11,13",train,price,4,0.43,Pastries,train
crops\price_01402.png,"11,13",train,price,4,0.43,Pastries,train
crops\name_01403.png,Almond Tart,train,name,0,0.93,Pastries,train
crops\name_01404.png,Almond Tart,train,name,0,0.77,Pastries,train
crops\name_01405.png,Almond Tart,train,name,11,0.72,Pastries,train
crops\name_01406.png,Almond Tart,val,name,7,0.64,Pastries,train
crops\name_01407.png,Almond Tart,train,name,5,0.7,Pastries,train
crops\name_01408.png,Almond Tart,test,name,10,0.8,Pastries,train
crops\name_01409.png,Almond Tart,train,name,1,0.81,Pastries,train
crops\name_01410.png,Almond Tart,train,name,0,0.58,Pastries,train
crops\name_01411.png,Almond Tart,train,name,0,0.61,Pastries,train
crops\name_01412.png,Almond Tart,train,name,5,0.73,Pastries,train
crops\name_01413.png,Almond Tart,train,name,9,0.52,Pastries,train
crops\name_01414.png,Almond Tart,train,name,5,0.86,Pastries,train
crops\name_01415.png,Almond Tart,train,name,2,0.83,Pastries,train
crops\name_01416.png,Almond Tart,train,name,5,0.83,Pastries,train
crops\name_01417.png,Almond Tart,train,name,0,0.5,Pastries,train
crops\name_01418.png,Almond Tart,train,name,5,0.61,Pastries,train
crops\name_01419.png,Almond Tart,train,name,11,0.42,Pastries,train
crops\name_01420.png,Almond Tart,train,name,6,0.73,Pastries,train
crops\name_01421.png,Almond Tart,test,name,3,0.43,Pastries,train
crops\name_01422.png,Almond Tart,test,name,10,0.87,Pastries,train
crops\name_01423.png,Almond Tart,val,name,7,0.79,Pastries,train
crops\name_01424.png,Almond Tart,train,name,0,0.52,Pastries,train
crops\name_01425.png,Almond Tart,train,name,6,0.63,Pastries,train
crops\price_01426.png,"11,67",train,price,9,0.86,Pastries,train
crops\price_01427.png,"11,67",train,price,0,0.42,Pastries,train
crops\price_01428.png,"11,67",train,price,0,0.8,Pastries,train
crops\price_01429.png,"11,67",train,price,11,0.45,Pastries,train
crops\price_01430.png,"11,67",test,price,10,0.71,Pastries,train
crops\price_01431.png,"11,67",val,price,7,0.56,Pastries,train
crops\price_01432.png,"11,67",train,price,8,0.79,Pastries,train
crops\price_01433.png,"11,67",train,price,8,0.91,Pastries,train
crops\price_01434.png,"11,67",train,price,5,0.78,Pastries,train
crops\price_01435.png,"11,67",train,price,5,0.86,Pastries,train
crops\price_01436.png,"11,67",train,price,5,0.64,Pastries,train
crops\price_01437.png,"11,67",train,price,2,0.77,Pastries,train
crops\price_01438.png,"11,67",test,price,10,0.75,Pastries,train
crops\price_01439.png,"11,67",train,price,2,0.73,Pastries,train
crops\price_01440.png,"11,67",train,price,1,0.94,Pastries,train
crops\price_01441.png,"11,67",test,price,10,0.85,Pastries,train
crops\price_01442.png,"11,67",val,price,12,0.5,Pastries,train
crops\price_01443.png,"11,67",train,price,9,0.52,Pastries,train
crops\price_01444.png,"11,67",train,price,0,0.92,Pastries,train
crops\price_01445.png,"11,67",train,price,9,0.53,Pastries,train
crops\price_01446.png,"11,67",train,price,8,0.61,Pastries,train
crops\price_01447.png,"11,67",train,price,4,0.55,Pastries,train
crops\price_01448.png,"11,67",train,price,11,0.66,Pastries,train
crops\name_01449.png,Banana Bread,train,name,8,0.49,Pastries,train
crops\name_01450.png,Banana Bread,test,name,10,0.57,Pastries,train
crops\name_01451.png,Banana Bread,train,name,1,0.41,Pastries,train
crops\name_01452.png,Banana Bread,train,name,4,0.93,Pastries,train
crops\name_01453.png,Banana Bread,val,name,12,0.48,Pastries,train
crops\name_01454.png,Banana Bread,val,name,7,0.49,Pastries,train
crops\name_01455.png,Banana Bread,test,name,3,0.73,Pastries,train
crops\name_01456.png,Banana Bread,test,name,10,0.62,Pastries,train
crops\name_01457.png,Banana Bread,train,name,4,0.87,Pastries,train
crops\name_01458.png,Banana Bread,val,name,7,0.52,Pastries,train
crops\name_01459.png,Banana Bread,train,name,8,0.88,Pastries,train
crops\name_01460.png,Banana Bread,train,name,1,0.79,Pastries,train
crops\name_01461.png,Banana Bread,train,name,6,0.54,Pastries,train
crops\name_01462.png,Banana Bread,train,name,6,0.61,Pastries,train
crops\name_01463.png,Banana Bread,test,name,3,0.56,Pastries,train
crops\name_01464.png,Banana Bread,train,name,0,0.61,Pastries,train
crops\name_01465.png,Banana Bread,val,name,7,0.92,Pastries,train
crops\name_01466.png,Banana Bread,train,name,6,0.4,Pastries,train
crops\name_01467.png,Banana Bread,train,name,11,0.59,Pastries,train
crops\name_01468.png,Banana Bread,train,name,9,0.94,Pastries,train
crops\name_01469.png,Banana Bread,train,name,0,0.49,Pastries,train
crops\name_01470.png,Banana Bread,val,name,7,0.49,Pastries,train
crops\name_01471.png,Banana Bread,train,name,6,0.86,Pastries,train
crops\price_01472.png,6.770,train,price,0,0.62,Pastries,train
crops\price_01473.png,6.770,train,price,11,0.65,Pastries,train
crops\price_01474.png,6.770,train,price,6,0.61,Pastries,train
crops\price_01475.png,6.770,test,price,3,0.56,Pastries,train
crops\price_01476.png,6.770,train,price,5,0.9,Pastries,train
crops\price_01477.png,6.770,train,price,4,0.61,Pastries,train
crops\price_01478.png,6.770,test,price,10,0.71,Pastries,train
crops\price_01479.png,6.770,train,price,0,0.42,Pastries,train
crops\price_01480.png,6.770,val,price,12,0.8,Pastries,train
crops\price_01481.png,6.770,train,price,11,0.42,Pastries,train
crops\price_01482.png,6.770,train,price,2,0.55,Pastries,train
crops\price_01483.png,6.770,train,price,9,0.85,Pastries,train
crops\price_01484.png,6.770,train,price,2,0.72,Pastries,train
crops\price_01485.png,6.770,train,price,2,0.82,Pastries,train
crops\price_01486.png,6.770,val,price,7,0.83,Pastries,train
crops\price_01487.png,6.770,train,price,8,0.55,Pastries,train
crops\price_01488.png,6.770,train,price,9,0.59,Pastries,train
crops\price_01489.png,6.770,val,price,12,0.94,Pastries,train
crops\price_01490.png,6.770,val,price,12,0.93,Pastries,train
crops\price_01491.png,6.770,train,price,11,0.85,Pastries,train
crops\price_01492.png,6.770,val,price,7,0.45,Pastries,train
crops\price_01493.png,6.770,train,price,8,0.7,Pastries,train
crops\price_01494.png,6.770,test,price,3,0.93,Pastries,train
crops\name_01495.png,Cheese Danish,train,name,11,0.82,Pastries,train
crops\name_01496.png,Cheese Danish,val,name,7,0.92,Pastries,train
crops\name_01497.png,Cheese Danish,train,name,5,0.82,Pastries,train
crops\name_01498.png,Cheese Danish,val,name,12,0.54,Pastries,train
crops\name_01499.png,Cheese Danish,train,name,6,0.43,Pastries,train
crops\name_01500.png,Cheese Danish,train,name,5,0.86,Pastries,train
crops\name_01501.png,Cheese Danish,train,name,6,0.91,Pastries,train
crops\name_01502.png,Cheese Danish,train,name,2,0.49,Pastries,train
crops\name_01503.png,Cheese Danish,test,name,10,0.54,Pastries,train
crops\name_01504.png,Cheese Danish,train,name,9,0.6,Pastries,train
crops\name_01505.png,Cheese Danish,test,name,10,0.83,Pastries,train
crops\name_01506.png,Cheese Danish,train,name,11,0.8,Pastries,train
crops\name_01507.png,Cheese Danish,train,name,5,0.58,Pastries,train
crops\name_01508.png,Cheese Danish,train,name,8,0.66,Pastries,train
crops\name_01509.png,Cheese Danish,train,name,0,0.75,Pastries,train
crops\name_01510.png,Cheese Danish,train,name,8,0.72,Pastries,train
crops\name_01511.png,Cheese Danish,val,name,12,0.45,Pastries,train
crops\name_01512.png,Cheese Danish,train,name,2,0.72,Pastries,train
crops\name_01513.png,Cheese Danish,test,name,10,0.92,Pastries,train
crops\name_01514.png,Cheese Danish,train,name,6,0.47,Pastries,train
crops\name_01515.png,Cheese Danish,test,name,10,0.93,Pastries,train
crops\name_01516.png,Cheese Danish,train,name,0,0.92,Pastries,train
crops\name_01517.png,Cheese Danish,train,name,1,0.62,Pastries,train
crops\price_01518.png,10.65,train,price,8,0.56,Pastries,train
crops\price_01519.png,10.65,train,price,5,0.43,Pastries,train
crops\price_01520.png,10.65,train,price,1,0.56,Pastries,train
crops\price_01521.png,10.65,train,price,0,0.66,Pastries,train
crops\price_01522.png,10.65,train,price,4,0.7,Pastries,train
crops\price_01523.png,10.65,train,price,1,0.75,Pastries,train
crops\price_01524.png,10.65,train,price,4,0.66,Pastries,train
crops\price_01525.png,10.65,train,price,8,0.83,Pastries,train
crops\price_01526.png,10.65,train,price,2,0.66,Pastries,train
crops\price_01527.png,10.65,val,price,12,0.4,Pastries,train
crops\price_01528.png,10.65,train,price,2,0.42,Pastries,train
crops\price_01529.png,10.65,val,price,12,0.57,Pastries,train
crops\price_01530.png,10.65,train,price,0,0.92,Pastries,train
crops\price_01531.png,10.65,train,price,11,0.73,Pastries,train
crops\price_01532.png,10.65,train,price,11,0.83,Pastries,train
crops\price_01533.png,10.65,train,price,2,0.74,Pastries,train
crops\price_01534.png,10.65,test,price,3,0.42,Pastries,train
crops\price_01535.png,10.65,train,price,11,0.8,Pastries,train
crops\price_01536.png,10.65,train,price,5,0.42,Pastries,train
crops\price_01537.png,10.65,train,price,11,0.89,Pastries,train
crops\price_01538.png,10.65,train,price,11,0.48,Pastries,train
crops\price_01539.png,10.65,train,price,1,0.85,Pastries,train
crops\price_01540.png,10.65,train,price,11,0.56,Pastries,train
crops\name_01541.png,Scone,train,name,2,0.63,Pastries,train
crops\name_01542.png,Scone,train,name,5,0.44,Pastries,train
crops\name_01543.png,Scone,train,name,11,0.53,Pastries,train
crops\name_01544.png,Scone,train,name,11,0.84,Pastries,train
crops\name_01545.png,Scone,train,name,5,0.4,Pastries,train
crops\name_01546.png,Scone,test,name,3,0.63,Pastries,train
crops\name_01547.png,Scone,train,name,8,0.66,Pastries,train
crops\name_01548.png,Scone,train,name,2,0.41,Pastries,train
crops\name_01549.png,Scone,train,name,4,0.92,Pastries,train
crops\name_01550.png,Scone,train,name,2,0.43,Pastries,train
crops\name_01551.png,Scone,train,name,5,0.47,Pastries,train
crops\name_01552.png,Scone,train,name,2,0.7,Pastries,train
crops\name_01553.png,Scone,train,name,1,0.81,Pastries,train
crops\name_01554.png,Scone,train,name,11,0.88,Pastries,train
crops\name_01555.png,Scone,train,name,9,0.56,Pastries,train
crops\name_01556.png,Scone,test,name,3,0.45,Pastries,train
crops\name_01557.png,Scone,train,name,9,0.59,Pastries,train
crops\name_01558.png,Scone,train,name,8,0.8,Pastries,train
crops\name_01559.png,Scone,test,name,3,0.48,Pastries,train
crops\name_01560.png,Scone,train,name,4,0.76,Pastries,train
crops\name_01561.png,Scone,val,name,7,0.46,Pastries,train
crops\name_01562.png,Scone,train,name,8,0.54,Pastries,train
crops\name_01563.png,Scone,val,name,12,0.84,Pastries,train
crops\price_01564.png,4.600,test,price,10,0.82,Pastries,train
crops\price_01565.png,4.600,train,price,6,0.42,Pastries,train
crops\price_01566.png,4.600,train,price,8,0.67,Pastries,train
crops\price_01567.png,4.600,train,price,11,0.9,Pastries,train
crops\price_01568.png,4.600,test,price,10,0.81,Pastries,train
crops\price_01569.png,4.600,val,price,12,0.74,Pastries,train
crops\price_01570.png,4.600,val,price,7,0.78,Pastries,train
crops\price_01571.png,4.600,train,price,2,0.48,Pastries,train
crops\price_01572.png,4.600,train,price,0,0.58,Pastries,train
crops\price_01573.png,4.600,train,price,2,0.6,Pastries,train
crops\price_01574.png,4.600,val,price,7,0.63,Pastries,train
crops\price_01575.png,4.600,train,price,0,0.77,Pastries,train
crops\price_01576.png,4.600,val,price,12,0.78,Pastries,train
crops\price_01577.png,4.600,val,price,7,0.7,Pastries,train
crops\price_01578.png,4.600,test,price,10,0.84,Pastries,train
crops\price_01579.png,4.600,test,price,10,0.76,Pastries,train
crops\price_01580.png,4.600,test,price,3,0.41,Pastries,train
crops\price_01581.png,4.600,val,price,7,0.56,Pastries,train
crops\price_01582.png,4.600,train,price,4,0.46,Pastries,train
crops\price_01583.png,4.600,train,price,9,0.55,Pastries,train
crops\price_01584.png,4.600,test,price,10,0.75,Pastries,train
crops\price_01585.png,4.600,train,price,1,0.9,Pastries,train
crops\price_01586.png,4.600,val,price,12,0.83,Pastries,train
crops\name_01587.png,Chocolate Brownie,val,name,12,0.68,Pastries,train
crops\name_01588.png,Chocolate Brownie,test,name,3,0.52,Pastries,train
crops\name_01589.png,Chocolate Brownie,train,name,5,0.51,Pastries,train
crops\name_01590.png,Chocolate Brownie,test,name,10,0.76,Pastries,train
crops\name_01591.png,Chocolate Brownie,train,name,6,0.71,Pastries,train
crops\name_01592.png,Chocolate Brownie,train,name,8,0.69,Pastries,train
crops\name_01593.png,Chocolate Brownie,train,name,4,0.8,Pastries,train
crops\name_01594.png,Chocolate Brownie,train,name,5,0.43,Pastries,train
crops\name_01595.png,Chocolate Brownie,train,name,8,0.76,Pastries,train
crops\name_01596.png,Chocolate Brownie,train,name,5,0.47,Pastries,train
crops\name_01597.png,Chocolate Brownie,train,name,9,0.84,Pastries,train
crops\name_01598.png,Chocolate Brownie,train,name,11,0.9,Pastries,train
crops\name_01599.png,Chocolate Brownie,train,name,11,0.62,Pastries,train
crops\name_01600.png,Chocolate Brownie,test,name,10,0.53,Pastries,train
crops\name_01601.png,Chocolate Brownie,train,name,5,0.45,Pastries,train
crops\name_01602.png,Chocolate Brownie,test,name,10,0.61,Pastries,train
crops\name_01603.png,Chocolate Brownie,train,name,1,0.74,Pastries,train
crops\name_01604.png,Chocolate Brownie,val,name,7,0.8,Pastries,train
crops\name_01605.png,Chocolate Brownie,train,name,6,0.8,Pastries,train
crops\name_01606.png,Chocolate Brownie,train,name,1,0.94,Pastries,train
crops\name_01607.png,Chocolate Brownie,train,name,4,0.63,Pastries,train
crops\name_01608.png,Chocolate Brownie,train,name,8,0.68,Pastries,train
crops\name_01609.png,Chocolate Brownie,train,name,4,0.85,Pastries,train
crops\price_01610.png,"10,05",train,price,2,0.68,Pastries,train
crops\price_01611.png,"10,05",train,price,8,0.56,Pastries,train
crops\price_01612.png,"10,05",train,price,5,0.48,Pastries,train
crops\price_01613.png,"10,05",train,price,11,0.72,Pastries,train
crops\price_01614.png,"10,05",test,price,3,0.9,Pastries,train
crops\price_01615.png,"10,05",test,price,10,0.81,Pastries,train
crops\price_01616.png,"10,05",train,price,11,0.83,Pastries,train
crops\price_01617.png,"10,05",train,price,4,0.56,Pastries,train
crops\price_01618.png,"10,05",train,price,11,0.84,Pastries,train
crops\price_01619.png,"10,05",train,price,2,0.71,Pastries,train
crops\price_01620.png,"10,05",train,price,2,0.7,Pastries,train
crops\price_01621.png,"10,05",test,price,10,0.85,Pastries,train
crops\price_01622.png,"10,05",val,price,7,0.53,Pastries,train
crops\price_01623.png,"10,05",train,price,11,0.51,Pastries,train
crops\price_01624.png,"10,05",val,price,12,0.91,Pastries,train
crops\price_01625.png,"10,05",test,price,10,0.65,Pastries,train
crops\price_01626.png,"10,05",train,price,11,0.75,Pastries,train
crops\price_01627.png,"10,05",train,price,9,0.7,Pastries,train
crops\price_01628.png,"10,05",val,price,12,0.83,Pastries,train
crops\price_01629.png,"10,05",train,price,2,0.44,Pastries,train
crops\price_01630.png,"10,05",train,price,5,0.46,Pastries,train
crops\price_01631.png,"10,05",train,price,11,0.87,Pastries,train
crops\price_01632.png,"10,05",train,price,2,0.92,Pastries,train
crops\name_01633.png,Apple Turnover,train,name,0,0.8,Pastries,train
crops\name_01634.png,Apple Turnover,train,name,6,0.63,Pastries,train
crops\name_01635.png,Apple Turnover,train,name,8,0.95,Pastries,train
crops\name_01636.png,Apple Turnover,train,name,1,0.79,Pastries,train
crops\name_01637.png,Apple Turnover,train,name,4,0.9,Pastries,train
crops\name_01638.png,Apple Turnover,val,name,7,0.51,Pastries,train
crops\name_01639.png,Apple Turnover,train,name,0,0.42,Pastries,train
crops\name_01640.png,Apple Turnover,train,name,4,0.41,Pastries,train
crops\name_01641.png,Apple Turnover,train,name,9,0.76,Pastries,train
crops\name_01642.png,Apple Turnover,test,name,3,0.68,Pastries,train
crops\name_01643.png,Apple Turnover,train,name,9,0.41,Pastries,train
crops\name_01644.png,Apple Turnover,train,name,0,0.94,Pastries,train
crops\name_01645.png,Apple Turnover,test,name,10,0.52,Pastries,train
crops\name_01646.png,Apple Turnover,val,name,12,0.77,Pastries,train
crops\name_01647.png,Apple Turnover,train,name,2,0.56,Pastries,train
crops\name_01648.png,Apple Turnover,train,name,1,0.67,Pastries,train
crops\name_01649.png,Apple Turnover,val,name,7,0.45,Pastries,train
crops\name_01650.png,Apple Turnover,val,name,12,0.93,Pastries,train
crops\name_01651.png,Apple Turnover,test,name,10,0.68,Pastries,train
crops\name_01652.png,Apple Turnover,train,name,2,0.91,Pastries,train
crops\name_01653.png,Apple Turnover,train,name,9,0.86,Pastries,train
crops\name_01654.png,Apple Turnover,train,name,4,0.83,Pastries,train
crops\name_01655.png,Apple Turnover,val,name,12,0.85,Pastries,train
crops\price_01656.png,7.490,val,price,12,0.54,Pastries,train
crops\price_01657.png,7.490,train,price,4,0.68,Pastries,train
crops\price_01658.png,7.490,train,price,2,0.8,Pastries,train
crops\price_01659.png,7.490,test,price,3,0.89,Pastries,train
crops\price_01660.png,7.490,train,price,1,0.91,Pastries,train
crops\price_01661.png,7.490,train,price,9,0.56,Pastries,train
crops\price_01662.png,7.490,val,price,7,0.72,Pastries,train
crops\price_01663.png,7.490,train,price,0,0.86,Pastries,train
crops\price_01664.png,7.490,val,price,7,0.69,Pastries,train
crops\price_01665.png,7.490,train,price,1,0.54,Pastries,train
crops\price_01666.png,7.490,train,price,8,0.64,Pastries,train
crops\price_01667.png,7.490,train,price,11,0.74,Pastries,train
crops\price_01668.png,7.490,test,price,10,0.57,Pastries,train
crops\price_01669.png,7.490,train,price,5,0.7,Pastries,train
crops\price_01670.png,7.490,train,price,1,0.8,Pastries,train
crops\price_01671.png,7.490,train,price,1,0.94,Pastries,train
crops\price_01672.png,7.490,train,price,8,0.89,Pastries,train
crops\price_01673.png,7.490,train,price,8,0.68,Pastries,train
crops\price_01674.png,7.490,train,price,11,0.83,Pastries,train
crops\price_01675.png,7.490,train,price,11,0.5,Pastries,train
crops\price_01676.png,7.490,test,price,3,0.8,Pastries,train
crops\price_01677.png,7.490,val,price,7,0.89,Pastries,train
crops\price_01678.png,7.490,train,price,6,0.81,Pastries,train
crops\name_01679.png,Baklava,train,name,2,0.89,Pastries,train
crops\name_01680.png,Baklava,train,name,2,0.83,Pastries,train
crops\name_01681.png,Baklava,train,name,0,0.48,Pastries,train
crops\name_01682.png,Baklava,train,name,4,0.9,Pastries,train
crops\name_01683.png,Baklava,test,name,3,0.75,Pastries,train
crops\name_01684.png,Baklava,train,name,4,0.5,Pastries,train
crops\name_01685.png,Baklava,train,name,1,0.83,Pastries,train
crops\name_01686.png,Baklava,val,name,7,0.62,Pastries,train
crops\name_01687.png,Baklava,train,name,4,0.57,Pastries,train
crops\name_01688.png,Baklava,test,name,3,0.73,Pastries,train
crops\name_01689.png,Baklava,train,name,9,0.89,Pastries,train
crops\name_01690.png,Baklava,train,name,2,0.65,Pastries,train
crops\name_01691.png,Baklava,train,name,1,0.55,Pastries,train
crops\name_01692.png,Baklava,train,name,9,0.52,Pastries,train
crops\name_01693.png,Baklava,train,name,11,0.52,Pastries,train
crops\name_01694.png,Baklava,train,name,6,0.95,Pastries,train
crops\name_01695.png,Baklava,test,name,3,0.93,Pastries,train
crops\name_01696.png,Baklava,train,name,9,0.74,Pastries,train
crops\name_01697.png,Baklava,val,name,7,0.53,Pastries,train
crops\name_01698.png,Baklava,train,name,5,0.47,Pastries,train
crops\name_01699.png,Baklava,train,name,8,0.6,Pastries,train
crops\name_01700.png,Baklava,val,name,12,0.69,Pastries,train
crops\name_01701.png,Baklava,train,name,11,0.62,Pastries,train
crops\price_01702.png,2,train,price,5,0.85,Pastries,train
crops\price_01703.png,2,train,price,9,0.61,Pastries,train
crops\price_01704.png,2,train,price,1,0.93,Pastries,train
crops\price_01705.png,2,val,price,12,0.58,Pastries,train
crops\price_01706.png,2,train,price,8,0.63,Pastries,train
crops\price_01707.png,2,test,price,3,0.56,Pastries,train
crops\price_01708.png,2,train,price,6,0.48,Pastries,train
crops\price_01709.png,2,train,price,6,0.54,Pastries,train
crops\price_01710.png,2,val,price,12,0.6,Pastries,train
crops\price_01711.png,2,train,price,4,0.47,Pastries,train
crops\price_01712.png,2,train,price,11,0.47,Pastries,train
crops\price_01713.png,2,train,price,1,0.69,Pastries,train
crops\price_01714.png,2,test,price,3,0.55,Pastries,train
crops\price_01715.png,2,train,price,5,0.45,Pastries,train
crops\price_01716.png,2,test,price,10,0.73,Pastries,train
crops\price_01717.png,2,train,price,8,0.77,Pastries,train
crops\price_01718.png,2,train,price,0,0.89,Pastries,train
crops\price_01719.png,2,train,price,0,0.54,Pastries,train
crops\price_01720.png,2,train,price,5,0.75,Pastries,train
crops\price_01721.png,2,train,price,11,0.81,Pastries,train
crops\price_01722.png,2,train,price,6,0.71,Pastries,train
crops\price_01723.png,2,val,price,12,0.89,Pastries,train
crops\price_01724.png,2,train,price,2,0.79,Pastries,train
crops\name_01725.png,Makroudh,train,name,4,0.56,Pastries,train
crops\name_01726.png,Makroudh,train,name,11,0.54,Pastries,train
crops\name_01727.png,Makroudh,train,name,4,0.83,Pastries,train
crops\name_01728.png,Makroudh,test,name,3,0.85,Pastries,train
crops\name_01729.png,Makroudh,train,name,5,0.94,Pastries,train
crops\name_01730.png,Makroudh,train,name,8,0.55,Pastries,train
crops\name_01731.png,Makroudh,train,name,1,0.88,Pastries,train
crops\name_01732.png,Makroudh,test,name,3,0.75,Pastries,train
crops\name_01733.png,Makroudh,train,name,5,0.92,Pastries,train
crops\name_01734.png,Makroudh,val,name,7,0.67,Pastries,train
crops\name_01735.png,Makroudh,train,name,11,0.56,Pastries,train
crops\name_01736.png,Makroudh,val,name,7,0.9,Pastries,train
crops\name_01737.png,Makroudh,train,name,6,0.52,Pastries,train
crops\name_01738.png,Makroudh,train,name,0,0.5,Pastries,train
crops\name_01739.png,Makroudh,train,name,9,0.58,Pastries,train
crops\name_01740.png,Makroudh,train,name,11,0.77,Pastries,train
crops\name_01741.png,Makroudh,train,name,9,0.83,Pastries,train
crops\name_01742.png,Makroudh,train,name,11,0.51,Pastries,train
crops\name_01743.png,Makroudh,train,name,2,0.59,Pastries,train
crops\name_01744.png,Makroudh,test,name,3,0.83,Pastries,train
crops\name_01745.png,Makroudh,train,name,1,0.58,Pastries,train
crops\name_01746.png,Makroudh,train,name,9,0.6,Pastries,train
crops\name_01747.png,Makroudh,train,name,8,0.48,Pastries,train
crops\price_01748.png,9.20,val,price,12,0.57,Pastries,train
crops\price_01749.png,9.20,train,price,4,0.52,Pastries,train
crops\price_01750.png,9.20,train,price,6,0.9,Pastries,train
crops\price_01751.png,9.20,train,price,1,0.71,Pastries,train
crops\price_01752.png,9.20,test,price,3,0.93,Pastries,train
crops\price_01753.png,9.20,test,price,3,0.53,Pastries,train
crops\price_01754.png,9.20,train,price,8,0.44,Pastries,train
crops\price_01755.png,9.20,train,price,8,0.48,Pastries,train
crops\price_01756.png,9.20,train,price,2,0.81,Pastries,train
crops\price_01757.png,9.20,val,price,12,0.61,Pastries,train
crops\price_01758.png,9.20,test,price,10,0.51,Pastries,train
crops\price_01759.png,9.20,train,price,6,0.65,Pastries,train
crops\price_01760.png,9.20,train,price,1,0.68,Pastries,train
crops\price_01761.png,9.20,train,price,0,0.87,Pastries,train
crops\price_01762.png,9.20,train,price,11,0.44,Pastries,train
crops\price_01763.png,9.20,train,price,6,0.4,Pastries,train
crops\price_01764.png,9.20,train,price,6,0.64,Pastries,train
crops\price_01765.png,9.20,train,price,9,0.9,Pastries,train
crops\price_01766.png,9.20,test,price,3,0.79,Pastries,train
crops\price_01767.png,9.20,val,price,12,0.54,Pastries,train
crops\price_01768.png,9.20,train,price,4,0.48,Pastries,train
crops\price_01769.png,9.20,train,price,9,0.5,Pastries,train
crops\price_01770.png,9.20,val,price,7,0.72,Pastries,train
crops\header_01771.png,BREAKFAST,train,header,2,0.4,Breakfast,train
crops\header_01772.png,BREAKFAST,test,header,3,0.79,Breakfast,train
crops\header_01773.png,BREAKFAST,test,header,10,0.47,Breakfast,train
crops\header_01774.png,BREAKFAST,train,header,8,0.5,Breakfast,train
crops\header_01775.png,BREAKFAST,val,header,7,0.5,Breakfast,train
crops\header_01776.png,BREAKFAST,train,header,2,0.48,Breakfast,train
crops\header_01777.png,BREAKFAST,train,header,4,0.42,Breakfast,train
crops\header_01778.png,BREAKFAST,train,header,2,0.84,Breakfast,train
crops\header_01779.png,BREAKFAST,train,header,9,0.84,Breakfast,train
crops\header_01780.png,BREAKFAST,train,header,8,0.78,Breakfast,train
crops\header_01781.png,BREAKFAST,train,header,8,0.48,Breakfast,train
crops\header_01782.png,BREAKFAST,test,header,3,0.75,Breakfast,train
crops\header_01783.png,BREAKFAST,train,header,0,0.62,Breakfast,train
crops\header_01784.png,BREAKFAST,train,header,2,0.67,Breakfast,train
crops\header_01785.png,BREAKFAST,val,header,12,0.76,Breakfast,train
crops\header_01786.png,BREAKFAST,train,header,0,0.79,Breakfast,train
crops\header_01787.png,BREAKFAST,train,header,6,0.66,Breakfast,train
crops\header_01788.png,BREAKFAST,test,header,3,0.46,Breakfast,train
crops\header_01789.png,BREAKFAST,train,header,6,0.66,Breakfast,train
crops\header_01790.png,BREAKFAST,train,header,9,0.79,Breakfast,train
crops\header_01791.png,BREAKFAST,train,header,5,0.69,Breakfast,train
crops\header_01792.png,BREAKFAST,train,header,4,0.94,Breakfast,train
crops\header_01793.png,BREAKFAST,train,header,0,0.46,Breakfast,train
crops\name_01794.png,Avocado Toast,val,name,7,0.94,Breakfast,train
crops\name_01795.png,Avocado Toast,train,name,9,0.69,Breakfast,train
crops\name_01796.png,Avocado Toast,test,name,3,0.8,Breakfast,train
crops\name_01797.png,Avocado Toast,test,name,3,0.69,Breakfast,train
crops\name_01798.png,Avocado Toast,train,name,0,0.65,Breakfast,train
crops\name_01799.png,Avocado Toast,train,name,4,0.83,Breakfast,train
crops\name_01800.png,Avocado Toast,train,name,6,0.47,Breakfast,train
crops\name_01801.png,Avocado Toast,train,name,11,0.78,Breakfast,train
crops\name_01802.png,Avocado Toast,val,name,7,0.75,Breakfast,train
crops\name_01803.png,Avocado Toast,train,name,5,0.8,Breakfast,train
crops\name_01804.png,Avocado Toast,train,name,2,0.56,Breakfast,train
crops\name_01805.png,Avocado Toast,train,name,9,0.69,Breakfast,train
crops\name_01806.png,Avocado Toast,train,name,1,0.68,Breakfast,train
crops\name_01807.png,Avocado Toast,train,name,8,0.52,Breakfast,train
crops\name_01808.png,Avocado Toast,val,name,12,0.61,Breakfast,train
crops\name_01809.png,Avocado Toast,train,name,11,0.67,Breakfast,train
crops\name_01810.png,Avocado Toast,train,name,6,0.63,Breakfast,train
crops\name_01811.png,Avocado Toast,train,name,1,0.79,Breakfast,train
crops\name_01812.png,Avocado Toast,val,name,12,0.8,Breakfast,train
crops\name_01813.png,Avocado Toast,train,name,2,0.76,Breakfast,train
crops\name_01814.png,Avocado Toast,train,name,11,0.94,Breakfast,train
crops\name_01815.png,Avocado Toast,val,name,7,0.65,Breakfast,train
crops\name_01816.png,Avocado Toast,train,name,4,0.43,Breakfast,train
crops\price_01817.png,"5,99",test,price,10,0.9,Breakfast,train
crops\price_01818.png,"5,99",train,price,1,0.48,Breakfast,train
crops\price_01819.png,"5,99",train,price,6,0.54,Breakfast,train
crops\price_01820.png,"5,99",val,price,12,0.66,Breakfast,train
crops\price_01821.png,"5,99",train,price,1,0.69,Breakfast,train
crops\price_01822.png,"5,99",val,price,7,0.6,Breakfast,train
crops\price_01823.png,"5,99",train,price,1,0.82,Breakfast,train
crops\price_01824.png,"5,99",train,price,6,0.84,Breakfast,train
crops\price_01825.png,"5,99",train,price,8,0.85,Breakfast,train
crops\price_01826.png,"5,99",train,price,0,0.6,Breakfast,train
crops\price_01827.png,"5,99",val,price,7,0.9,Breakfast,train
crops\price_01828.png,"5,99",train,price,1,0.43,Breakfast,train
crops\price_01829.png,"5,99",train,price,5,0.54,Breakfast,train
crops\price_01830.png,"5,99",test,price,10,0.41,Breakfast,train
crops\price_01831.png,"5,99",train,price,9,0.77,Breakfast,train
crops\price_01832.png,"5,99",train,price,9,0.76,Breakfast,train
crops\price_01833.png,"5,99",val,price,12,0.59,Breakfast,train
crops\price_01834.png,"5,99",val,price,12,0.52,Breakfast,train
crops\price_01835.png,"5,99",train,price,1,0.56,Breakfast,train
crops\price_01836.png,"5,99",val,price,12,0.49,Breakfast,train
crops\price_01837.png,"5,99",train,price,1,0.6,Breakfast,train
crops\price_01838.png,"5,99",val,price,12,0.91,Breakfast,train
crops\price_01839.png,"5,99",train,price,4,0.79,Breakfast,train
crops\name_01840.png,Scrambled Eggs,test,name,3,0.43,Breakfast,train
crops\name_01841.png,Scrambled Eggs,test,name,10,0.58,Breakfast,train
crops\name_01842.png,Scrambled Eggs,train,name,2,0.4,Breakfast,train
crops\name_01843.png,Scrambled Eggs,val,name,7,0.45,Breakfast,train
crops\name_01844.png,Scrambled Eggs,train,name,11,0.93,Breakfast,train
crops\name_01845.png,Scrambled Eggs,val,name,12,0.44,Breakfast,train
crops\name_01846.png,Scrambled Eggs,train,name,2,0.59,Breakfast,train
crops\name_01847.png,Scrambled Eggs,train,name,9,0.78,Breakfast,train
crops\name_01848.png,Scrambled Eggs,train,name,5,0.63,Breakfast,train
crops\name_01849.png,Scrambled Eggs,test,name,3,0.45,Breakfast,train
crops\name_01850.png,Scrambled Eggs,train,name,1,0.75,Breakfast,train
crops\name_01851.png,Scrambled Eggs,train,name,9,0.62,Breakfast,train
crops\name_01852.png,Scrambled Eggs,train,name,6,0.61,Breakfast,train
crops\name_01853.png,Scrambled Eggs,val,name,7,0.85,Breakfast,train
crops\name_01854.png,Scrambled Eggs,train,name,9,0.74,Breakfast,train
crops\name_01855.png,Scrambled Eggs,train,name,9,0.66,Breakfast,train
crops\name_01856.png,Scrambled Eggs,test,name,10,0.78,Breakfast,train
crops\name_01857.png,Scrambled Eggs,val,name,12,0.91,Breakfast,train
crops\name_01858.png,Scrambled Eggs,train,name,4,0.76,Breakfast,train
crops\name_01859.png,Scrambled Eggs,train,name,5,0.45,Breakfast,train
crops\name_01860.png,Scrambled Eggs,val,name,7,0.5,Breakfast,train
crops\name_01861.png,Scrambled Eggs,test,name,10,0.7,Breakfast,train
crops\name_01862.png,Scrambled Eggs,train,name,5,0.49,Breakfast,train
crops\price_01863.png,10,train,price,8,0.7,Breakfast,train
crops\price_01864.png,10,train,price,2,0.51,Breakfast,train
crops\price_01865.png,10,test,price,3,0.75,Breakfast,train
crops\price_01866.png,10,train,price,8,0.65,Breakfast,train
crops\price_01867.png,10,train,price,5,0.55,Breakfast,train
crops\price_01868.png,10,train,price,5,0.73,Breakfast,train
crops\price_01869.png,10,train,price,11,0.75,Breakfast,train
crops\price_01870.png,10,val,price,12,0.88,Breakfast,train
crops\price_01871.png,10,val,price,12,0.83,Breakfast,train
crops\price_01872.png,10,test,price,3,0.59,Breakfast,train
crops\price_01873.png,10,train,price,1,0.7,Breakfast,train
crops\price_01874.png,10,val,price,12,0.43,Breakfast,train
crops\price_01875.png,10,train,price,1,0.6,Breakfast,train
crops\price_01876.png,10,train,price,8,0.61,Breakfast,train
crops\price_01877.png,10,train,price,2,0.52,Breakfast,train
crops\price_01878.png,10,train,price,6,0.8,Breakfast,train
crops\price_01879.png,10,test,price,3,0.7,Breakfast,train
crops\price_01880.png,10,test,price,10,0.84,Breakfast,train
crops\price_01881.png,10,val,price,12,0.88,Breakfast,train
crops\price_01882.png,10,train,price,4,0.94,Breakfast,train
crops\price_01883.png,10,val,price,12,0.84,Breakfast,train
crops\price_01884.png,10,train,price,6,0.55,Breakfast,train
crops\price_01885.png,10,train,price,4,0.68,Breakfast,train
crops\name_01886.png,Eggs Benedict,train,name,1,0.93,Breakfast,train
crops\name_01887.png,Eggs Benedict,train,name,1,0.94,Breakfast,train
crops\name_01888.png,Eggs Benedict,train,name,11,0.67,Breakfast,train
crops\name_01889.png,Eggs Benedict,test,name,10,0.75,Breakfast,train
crops\name_01890.png,Eggs Benedict,train,name,9,0.89,Breakfast,train
crops\name_01891.png,Eggs Benedict,train,name,6,0.54,Breakfast,train
crops\name_01892.png,Eggs Benedict,train,name,4,0.84,Breakfast,train
crops\name_01893.png,Eggs Benedict,train,name,4,0.46,Breakfast,train
crops\name_01894.png,Eggs Benedict,train,name,11,0.89,Breakfast,train
crops\name_01895.png,Eggs Benedict,train,name,8,0.62,Breakfast,train
crops\name_01896.png,Eggs Benedict,train,name,9,0.43,Breakfast,train
crops\name_01897.png,Eggs Benedict,train,name,8,0.93,Breakfast,train
crops\name_01898.png,Eggs Benedict,val,name,7,0.72,Breakfast,train
crops\name_01899.png,Eggs Benedict,train,name,1,0.93,Breakfast,train
crops\name_01900.png,Eggs Benedict,train,name,9,0.91,Breakfast,train
crops\name_01901.png,Eggs Benedict,train,name,2,0.79,Breakfast,train
crops\name_01902.png,Eggs Benedict,train,name,9,0.74,Breakfast,train
crops\name_01903.png,Eggs Benedict,val,name,7,0.62,Breakfast,train
crops\name_01904.png,Eggs Benedict,train,name,9,0.87,Breakfast,train
crops\name_01905.png,Eggs Benedict,train,name,0,0.87,Breakfast,train
crops\name_01906.png,Eggs Benedict,train,name,1,0.7,Breakfast,train
crops\name_01907.png,Eggs Benedict,train,name,0,0.83,Breakfast,train
crops\name_01908.png,Eggs Benedict,train,name,9,0.95,Breakfast,train
crops\price_01909.png,9,test,price,10,0.57,Breakfast,train
crops\price_01910.png,9,train,price,11,0.55,Breakfast,train
crops\price_01911.png,9,train,price,11,0.62,Breakfast,train
crops\price_01912.png,9,train,price,9,0.63,Breakfast,train
crops\price_01913.png,9,train,price,0,0.71,Breakfast,train
crops\price_01914.png,9,train,price,4,0.61,Breakfast,train
crops\price_01915.png,9,test,price,3,0.9,Breakfast,train
crops\price_01916.png,9,train,price,6,0.65,Breakfast,train
crops\price_01917.png,9,train,price,5,0.67,Breakfast,train
crops\price_01918.png,9,train,price,4,0.4,Breakfast,train
crops\price_01919.png,9,train,price,11,0.53,Breakfast,train
crops\price_01920.png,9,test,price,3,0.73,Breakfast,train
crops\price_01921.png,9,train,price,5,0.72,Breakfast,train
crops\price_01922.png,9,train,price,6,0.42,Breakfast,train
crops\price_01923.png,9,train,price,11,0.68,Breakfast,train
crops\price_01924.png,9,train,price,0,0.91,Breakfast,train
crops\price_01925.png,9,train,price,9,0.83,Breakfast,train
crops\price_01926.png,9,train,price,6,0.92,Breakfast,train
crops\price_01927.png,9,train,price,8,0.73,Breakfast,train
crops\price_01928.png,9,test,price,3,0.79,Breakfast,train
crops\price_01929.png,9,train,price,6,0.49,Breakfast,train
crops\price_01930.png,9,train,price,4,0.95,Breakfast,train
crops\price_01931.png,9,train,price,8,0.53,Breakfast,train
crops\name_01932.png,Granola Bowl,train,name,1,0.76,Breakfast,train
crops\name_01933.png,Granola Bowl,test,name,3,0.76,Breakfast,train
crops\name_01934.png,Granola Bowl,train,name,1,0.93,Breakfast,train
crops\name_01935.png,Granola Bowl,val,name,12,0.47,Breakfast,train
crops\name_01936.png,Granola Bowl,train,name,5,0.64,Breakfast,train
crops\name_01937.png,Granola Bowl,test,name,10,0.42,Breakfast,train
crops\name_01938.png,Granola Bowl,test,name,3,0.46,Breakfast,train
crops\name_01939.png,Granola Bowl,test,name,10,0.84,Breakfast,train
crops\name_01940.png,Granola Bowl,train,name,9,0.83,Breakfast,train
crops\name_01941.png,Granola Bowl,train,name,2,0.87,Breakfast,train
crops\name_01942.png,Granola Bowl,train,name,0,0.56,Breakfast,train
crops\name_01943.png,Granola Bowl,train,name,6,0.69,Breakfast,train
crops\name_01944.png,Granola Bowl,test,name,3,0.71,Breakfast,train
crops\name_01945.png,Granola Bowl,train,name,4,0.79,Breakfast,train
crops\name_01946.png,Granola Bowl,train,name,5,0.67,Breakfast,train
crops\name_01947.png,Granola Bowl,test,name,10,0.92,Breakfast,train
crops\name_01948.png,Granola Bowl,val,name,12,0.78,Breakfast,train
crops\name_01949.png,Granola Bowl,train,name,2,0.41,Breakfast,train
crops\name_01950.png,Granola Bowl,train,name,6,0.72,Breakfast,train
crops\name_01951.png,Granola Bowl,train,name,11,0.47,Breakfast,train
crops\name_01952.png,Granola Bowl,val,name,12,0.84,Breakfast,train
crops\name_01953.png,Granola Bowl,train,name,6,0.94,Breakfast,train
crops\name_01954.png,Granola Bowl,train,name,6,0.65,Breakfast,train
crops\price_01955.png,2.01,val,price,7,0.43,Breakfast,train
crops\price_01956.png,2.01,train,price,8,0.66,Breakfast,train
crops\price_01957.png,2.01,train,price,4,0.79,Breakfast,train
crops\price_01958.png,2.01,train,price,2,0.94,Breakfast,train
crops\price_01959.png,2.01,train,price,9,0.63,Breakfast,train
crops\price_01960.png,2.01,val,price,12,0.44,Breakfast,train
crops\price_01961.png,2.01,train,price,11,0.5,Breakfast,train
crops\price_01962.png,2.01,train,price,0,0.61,Breakfast,train
crops\price_01963.png,2.01,train,price,1,0.59,Breakfast,train
crops\price_01964.png,2.01,train,price,8,0.58,Breakfast,train
crops\price_01965.png,2.01,test,price,3,0.55,Breakfast,train
crops\price_01966.png,2.01,train,price,11,0.79,Breakfast,train
crops\price_01967.png,2.01,train,price,9,0.52,Breakfast,train
crops\price_01968.png,2.01,train,price,2,0.5,Breakfast,train
crops\price_01969.png,2.01,val,price,7,0.45,Breakfast,train
crops\price_01970.png,2.01,train,price,9,0.42,Breakfast,train
crops\price_01971.png,2.01,val,price,7,0.81,Breakfast,train
crops\price_01972.png,2.01,test,price,3,0.77,Breakfast,train
crops\price_01973.png,2.01,train,price,8,0.78,Breakfast,train
crops\price_01974.png,2.01,train,price,1,0.58,Breakfast,train
crops\price_01975.png,2.01,train,price,9,0.58,Breakfast,train
crops\price_01976.png,2.01,val,price,12,0.86,Breakfast,train
crops\price_01977.png,2.01,train,price,2,0.91,Breakfast,train
crops\name_01978.png,Breakfast Burrito,train,name,2,0.71,Breakfast,train
crops\name_01979.png,Breakfast Burrito,train,name,8,0.48,Breakfast,train
crops\name_01980.png,Breakfast Burrito,train,name,5,0.74,Breakfast,train
crops\name_01981.png,Breakfast Burrito,test,name,3,0.82,Breakfast,train
crops\name_01982.png,Breakfast Burrito,test,name,10,0.72,Breakfast,train
crops\name_01983.png,Breakfast Burrito,test,name,3,0.69,Breakfast,train
crops\name_01984.png,Breakfast Burrito,train,name,1,0.63,Breakfast,train
crops\name_01985.png,Breakfast Burrito,test,name,3,0.86,Breakfast,train
crops\name_01986.png,Breakfast Burrito,val,name,7,0.5,Breakfast,train
crops\name_01987.png,Breakfast Burrito,train,name,5,0.52,Breakfast,train
crops\name_01988.png,Breakfast Burrito,train,name,9,0.41,Breakfast,train
crops\name_01989.png,Breakfast Burrito,train,name,1,0.87,Breakfast,train
crops\name_01990.png,Breakfast Burrito,test,name,10,0.55,Breakfast,train
crops\name_01991.png,Breakfast Burrito,train,name,4,0.43,Breakfast,train
crops\name_01992.png,Breakfast Burrito,train,name,5,0.86,Breakfast,train
crops\name_01993.png,Breakfast Burrito,train,name,2,0.84,Breakfast,train
crops\name_01994.png,Breakfast Burrito,train,name,4,0.76,Breakfast,train
crops\name_01995.png,Breakfast Burrito,train,name,6,0.68,Breakfast,train
crops\name_01996.png,Breakfast Burrito,val,name,7,0.71,Breakfast,train
crops\name_01997.png,Breakfast Burrito,train,name,11,0.79,Breakfast,train
crops\name_01998.png,Breakfast Burrito,train,name,4,0.74,Breakfast,train
crops\name_01999.png,Breakfast Burrito,test,name,10,0.48,Breakfast,train
crops\name_02000.png,Breakfast Burrito,train,name,0,0.5,Breakfast,train
crops\price_02001.png,6.940,train,price,6,0.5,Breakfast,train
crops\price_02002.png,6.940,train,price,9,0.61,Breakfast,train
crops\price_02003.png,6.940,train,price,9,0.56,Breakfast,train
crops\price_02004.png,6.940,train,price,5,0.95,Breakfast,train
crops\price_02005.png,6.940,val,price,7,0.48,Breakfast,train
crops\price_02006.png,6.940,train,price,6,0.93,Breakfast,train
crops\price_02007.png,6.940,test,price,10,0.49,Breakfast,train
crops\price_02008.png,6.940,test,price,10,0.92,Breakfast,train
crops\price_02009.png,6.940,train,price,2,0.88,Breakfast,train
crops\price_02010.png,6.940,train,price,4,0.89,Breakfast,train
crops\price_02011.png,6.940,train,price,4,0.71,Breakfast,train
crops\price_02012.png,6.940,val,price,7,0.59,Breakfast,train
crops\price_02013.png,6.940,train,price,0,0.78,Breakfast,train
crops\price_02014.png,6.940,train,price,9,0.63,Breakfast,train
crops\price_02015.png,6.940,test,price,10,0.41,Breakfast,train
crops\price_02016.png,6.940,val,price,12,0.61,Breakfast,train
crops\price_02017.png,6.940,train,price,5,0.52,Breakfast,train
crops\price_02018.png,6.940,test,price,10,0.69,Breakfast,train
crops\price_02019.png,6.940,train,price,4,0.74,Breakfast,train
crops\price_02020.png,6.940,train,price,4,0.67,Breakfast,train
crops\price_02021.png,6.940,train,price,1,0.69,Breakfast,train
crops\price_02022.png,6.940,train,price,8,0.84,Breakfast,train
crops\price_02023.png,6.940,train,price,0,0.83,Breakfast,train
crops\name_02024.png,Smoked Salmon Bagel,train,name,2,0.83,Breakfast,train
crops\name_02025.png,Smoked Salmon Bagel,train,name,9,0.93,Breakfast,train
crops\name_02026.png,Smoked Salmon Bagel,train,name,2,0.43,Breakfast,train
crops\name_02027.png,Smoked Salmon Bagel,train,name,9,0.4,Breakfast,train
crops\name_02028.png,Smoked Salmon Bagel,val,name,12,0.82,Breakfast,train
crops\name_02029.png,Smoked Salmon Bagel,train,name,1,0.73,Breakfast,train
crops\name_02030.png,Smoked Salmon Bagel,train,name,11,0.68,Breakfast,train
crops\name_02031.png,Smoked Salmon Bagel,train,name,9,0.62,Breakfast,train
crops\name_02032.png,Smoked Salmon Bagel,train,name,4,0.89,Breakfast,train
crops\name_02033.png,Smoked Salmon Bagel,test,name,10,0.91,Breakfast,train
crops\name_02034.png,Smoked Salmon Bagel,train,name,11,0.85,Breakfast,train
crops\name_02035.png,Smoked Salmon Bagel,train,name,9,0.62,Breakfast,train
crops\name_02036.png,Smoked Salmon Bagel,train,name,5,0.45,Breakfast,train
crops\name_02037.png,Smoked Salmon Bagel,train,name,4,0.94,Breakfast,train
crops\name_02038.png,Smoked Salmon Bagel,train,name,4,0.79,Breakfast,train
crops\name_02039.png,Smoked Salmon Bagel,train,name,0,0.87,Breakfast,train
crops\name_02040.png,Smoked Salmon Bagel,train,name,0,0.72,Breakfast,train
crops\name_02041.png,Smoked Salmon Bagel,test,name,10,0.89,Breakfast,train
crops\name_02042.png,Smoked Salmon Bagel,train,name,4,0.72,Breakfast,train
crops\name_02043.png,Smoked Salmon Bagel,train,name,1,0.71,Breakfast,train
crops\name_02044.png,Smoked Salmon Bagel,val,name,7,0.87,Breakfast,train
crops\name_02045.png,Smoked Salmon Bagel,train,name,2,0.58,Breakfast,train
crops\name_02046.png,Smoked Salmon Bagel,test,name,10,0.41,Breakfast,train
crops\price_02047.png,10.68,train,price,9,0.5,Breakfast,train
crops\price_02048.png,10.68,val,price,7,0.53,Breakfast,train
crops\price_02049.png,10.68,val,price,7,0.73,Breakfast,train
crops\price_02050.png,10.68,train,price,1,0.91,Breakfast,train
crops\price_02051.png,10.68,train,price,4,0.71,Breakfast,train
crops\price_02052.png,10.68,train,price,0,0.62,Breakfast,train
crops\price_02053.png,10.68,test,price,10,0.74,Breakfast,train
crops\price_02054.png,10.68,test,price,10,0.82,Breakfast,train
crops\price_02055.png,10.68,test,price,3,0.89,Breakfast,train
crops\price_02056.png,10.68,train,price,9,0.52,Breakfast,train
crops\price_02057.png,10.68,train,price,11,0.63,Breakfast,train
crops\price_02058.png,10.68,train,price,6,0.9,Breakfast,train
crops\price_02059.png,10.68,train,price,8,0.68,Breakfast,train
crops\price_02060.png,10.68,val,price,7,0.55,Breakfast,train
crops\price_02061.png,10.68,train,price,6,0.88,Breakfast,train
crops\price_02062.png,10.68,train,price,5,0.42,Breakfast,train
crops\price_02063.png,10.68,train,price,5,0.8,Breakfast,train
crops\price_02064.png,10.68,val,price,7,0.93,Breakfast,train
crops\price_02065.png,10.68,train,price,4,0.53,Breakfast,train
crops\price_02066.png,10.68,train,price,11,0.74,Breakfast,train
crops\price_02067.png,10.68,val,price,7,0.51,Breakfast,train
crops\price_02068.png,10.68,test,price,10,0.5,Breakfast,train
crops\price_02069.png,10.68,train,price,11,0.41,Breakfast,train
crops\name_02070.png,Fruit Salad,val,name,7,0.53,Breakfast,train
crops\name_02071.png,Fruit Salad,train,name,2,0.67,Breakfast,train
crops\name_02072.png,Fruit Salad,test,name,10,0.87,Breakfast,train
crops\name_02073.png,Fruit Salad,train,name,0,0.54,Breakfast,train
crops\name_02074.png,Fruit Salad,train,name,9,0.94,Breakfast,train
crops\name_02075.png,Fruit Salad,train,name,9,0.59,Breakfast,train
crops\name_02076.png,Fruit Salad,test,name,3,0.42,Breakfast,train
crops\name_02077.png,Fruit Salad,test,name,10,0.92,Breakfast,train
crops\name_02078.png,Fruit Salad,val,name,12,0.82,Breakfast,train
crops\name_02079.png,Fruit Salad,train,name,0,0.45,Breakfast,train
crops\name_02080.png,Fruit Salad,val,name,7,0.44,Breakfast,train
crops\name_02081.png,Fruit Salad,train,name,8,0.88,Breakfast,train
crops\name_02082.png,Fruit Salad,train,name,0,0.64,Breakfast,train
crops\name_02083.png,Fruit Salad,train,name,0,0.9,Breakfast,train
crops\name_02084.png,Fruit Salad,val,name,7,0.62,Breakfast,train
crops\name_02085.png,Fruit Salad,train,name,9,0.9,Breakfast,train
crops\name_02086.png,Fruit Salad,train,name,4,0.87,Breakfast,train
crops\name_02087.png,Fruit Salad,train,name,1,0.71,Breakfast,train
crops\name_02088.png,Fruit Salad,train,name,11,0.47,Breakfast,train
crops\name_02089.png,Fruit Salad,train,name,6,0.71,Breakfast,train
crops\name_02090.png,Fruit Salad,train,name,8,0.89,Breakfast,train
crops\name_02091.png,Fruit Salad,val,name,7,0.71,Breakfast,train
crops\name_02092.png,Fruit Salad,train,name,4,0.82,Breakfast,train
crops\price_02093.png,"4,44 TND",train,price,0,0.49,Breakfast,train
crops\price_02094.png,"4,44 TND",train,price,6,0.53,Breakfast,train
crops\price_02095.png,"4,44 TND",train,price,6,0.47,Breakfast,train
crops\price_02096.png,"4,44 TND",val,price,12,0.44,Breakfast,train
crops\price_02097.png,"4,44 TND",val,price,7,0.7,Breakfast,train
crops\price_02098.png,"4,44 TND",train,price,6,0.78,Breakfast,train
crops\price_02099.png,"4,44 TND",train,price,0,0.89,Breakfast,train
crops\price_02100.png,"4,44 TND",train,price,1,0.43,Breakfast,train
crops\price_02101.png,"4,44 TND",train,price,2,0.89,Breakfast,train
crops\price_02102.png,"4,44 TND",train,price,9,0.82,Breakfast,train
crops\price_02103.png,"4,44 TND",train,price,0,0.52,Breakfast,train
crops\price_02104.png,"4,44 TND",train,price,4,0.62,Breakfast,train
crops\price_02105.png,"4,44 TND",train,price,1,0.66,Breakfast,train
crops\price_02106.png,"4,44 TND",test,price,10,0.52,Breakfast,train
crops\price_02107.png,"4,44 TND",val,price,12,0.5,Breakfast,train
crops\price_02108.png,"4,44 TND",train,price,5,0.85,Breakfast,train
crops\price_02109.png,"4,44 TND",train,price,5,0.85,Breakfast,train
crops\price_02110.png,"4,44 TND",train,price,1,0.73,Breakfast,train
crops\price_02111.png,"4,44 TND",train,price,4,0.94,Breakfast,train
crops\price_02112.png,"4,44 TND",train,price,4,0.59,Breakfast,train
crops\price_02113.png,"4,44 TND",train,price,4,0.5,Breakfast,train
crops\price_02114.png,"4,44 TND",train,price,4,0.76,Breakfast,train
crops\price_02115.png,"4,44 TND",train,price,11,0.94,Breakfast,train
crops\name_02116.png,Pancakes,train,name,8,0.88,Breakfast,train
crops\name_02117.png,Pancakes,train,name,5,0.7,Breakfast,train
crops\name_02118.png,Pancakes,train,name,11,0.94,Breakfast,train
crops\name_02119.png,Pancakes,train,name,6,0.41,Breakfast,train
crops\name_02120.png,Pancakes,train,name,11,0.85,Breakfast,train
crops\name_02121.png,Pancakes,test,name,10,0.46,Breakfast,train
crops\name_02122.png,Pancakes,train,name,5,0.65,Breakfast,train
crops\name_02123.png,Pancakes,train,name,4,0.45,Breakfast,train
crops\name_02124.png,Pancakes,train,name,8,0.84,Breakfast,train
crops\name_02125.png,Pancakes,train,name,9,0.91,Breakfast,train
crops\name_02126.png,Pancakes,train,name,2,0.92,Breakfast,train
crops\name_02127.png,Pancakes,train,name,1,0.9,Breakfast,train
crops\name_02128.png,Pancakes,train,name,6,0.89,Breakfast,train
crops\name_02129.png,Pancakes,train,name,9,0.59,Breakfast,train
crops\name_02130.png,Pancakes,test,name,10,0.52,Breakfast,train
crops\name_02131.png,Pancakes,val,name,7,0.45,Breakfast,train
crops\name_02132.png,Pancakes,val,name,7,0.55,Breakfast,train
crops\name_02133.png,Pancakes,train,name,6,0.45,Breakfast,train
crops\name_02134.png,Pancakes,train,name,5,0.7,Breakfast,train
crops\name_02135.png,Pancakes,train,name,5,0.85,Breakfast,train
crops\name_02136.png,Pancakes,val,name,7,0.9,Breakfast,train
crops\name_02137.png,Pancakes,train,name,4,0.54,Breakfast,train
crops\name_02138.png,Pancakes,test,name,3,0.85,Breakfast,train
crops\price_02139.png,5.250,train,price,11,0.41,Breakfast,train
crops\price_02140.png,5.250,val,price,12,0.44,Breakfast,train
crops\price_02141.png,5.250,train,price,1,0.67,Breakfast,train
crops\price_02142.png,5.250,train,price,6,0.57,Breakfast,train
crops\price_02143.png,5.250,train,price,0,0.95,Breakfast,train
crops\price_02144.png,5.250,train,price,1,0.86,Breakfast,train
crops\price_02145.png,5.250,test,price,3,0.5,Breakfast,train
crops\price_02146.png,5.250,train,price,4,0.81,Breakfast,train
crops\price_02147.png,5.250,val,price,12,0.75,Breakfast,train
crops\price_02148.png,5.250,train,price,1,0.77,Breakfast,train
crops\price_02149.png,5.250,train,price,0,0.64,Breakfast,train
crops\price_02150.png,5.250,train,price,8,0.66,Breakfast,train
crops\price_02151.png,5.250,test,price,10,0.53,Breakfast,train
crops\price_02152.png,5.250,train,price,2,0.78,Breakfast,train
crops\price_02153.png,5.250,test,price,10,0.62,Breakfast,train
crops\price_02154.png,5.250,train,price,11,0.57,Breakfast,train
crops\price_02155.png,5.250,val,price,12,0.75,Breakfast,train
crops\price_02156.png,5.250,test,price,10,0.62,Breakfast,train
crops\price_02157.png,5.250,train,price,4,0.42,Breakfast,train
crops\price_02158.png,5.250,train,price,4,0.64,Breakfast,train
crops\price_02159.png,5.250,test,price,10,0.72,Breakfast,train
crops\price_02160.png,5.250,train,price,11,0.68,Breakfast,train
crops\price_02161.png,5.250,train,price,0,0.81,Breakfast,train
crops\name_02162.png,French Toast,train,name,11,0.59,Breakfast,test
crops\name_02163.png,French Toast,val,name,12,0.66,Breakfast,test
crops\name_02164.png,French Toast,train,name,1,0.76,Breakfast,test
crops\name_02165.png,French Toast,train,name,11,0.76,Breakfast,test
crops\name_02166.png,French Toast,train,name,2,0.79,Breakfast,test
crops\name_02167.png,French Toast,train,name,0,0.5,Breakfast,test
crops\name_02168.png,French Toast,train,name,2,0.59,Breakfast,test
crops\name_02169.png,French Toast,train,name,5,0.92,Breakfast,test
crops\name_02170.png,French Toast,train,name,8,0.76,Breakfast,test
crops\name_02171.png,French Toast,test,name,3,0.7,Breakfast,test
crops\name_02172.png,French Toast,val,name,7,0.8,Breakfast,test
crops\name_02173.png,French Toast,train,name,5,0.63,Breakfast,test
crops\name_02174.png,French Toast,train,name,0,0.74,Breakfast,test
crops\name_02175.png,French Toast,train,name,0,0.49,Breakfast,test
crops\name_02176.png,French Toast,test,name,3,0.84,Breakfast,test
crops\name_02177.png,French Toast,train,name,1,0.48,Breakfast,test
crops\name_02178.png,French Toast,test,name,3,0.47,Breakfast,test
crops\name_02179.png,French Toast,train,name,2,0.84,Breakfast,test
crops\name_02180.png,French Toast,train,name,6,0.64,Breakfast,test
crops\name_02181.png,French Toast,train,name,5,0.86,Breakfast,test
crops\name_02182.png,French Toast,val,name,12,0.59,Breakfast,test
crops\name_02183.png,French Toast,train,name,8,0.41,Breakfast,test
crops\name_02184.png,French Toast,val,name,12,0.74,Breakfast,test
crops\price_02185.png,10.70,train,price,4,0.45,Breakfast,test
crops\price_02186.png,10.70,val,price,7,0.43,Breakfast,test
crops\price_02187.png,10.70,train,price,0,0.53,Breakfast,test
crops\price_02188.png,10.70,val,price,7,0.87,Breakfast,test
crops\price_02189.png,10.70,train,price,0,0.88,Breakfast,test
crops\price_02190.png,10.70,train,price,8,0.56,Breakfast,test
crops\price_02191.png,10.70,test,price,3,0.4,Breakfast,test
crops\price_02192.png,10.70,train,price,11,0.62,Breakfast,test
crops\price_02193.png,10.70,train,price,6,0.57,Breakfast,test
crops\price_02194.png,10.70,train,price,1,0.49,Breakfast,test
crops\price_02195.png,10.70,train,price,9,0.69,Breakfast,test
crops\price_02196.png,10.70,val,price,12,0.86,Breakfast,test
crops\price_02197.png,10.70,train,price,6,0.92,Breakfast,test
crops\price_02198.png,10.70,train,price,4,0.69,Breakfast,test
crops\price_02199.png,10.70,train,price,9,0.74,Breakfast,test
crops\price_02200.png,10.70,train,price,9,0.9,Breakfast,test
crops\price_02201.png,10.70,test,price,10,0.84,Breakfast,test
crops\price_02202.png,10.70,val,price,12,0.67,Breakfast,test
crops\price_02203.png,10.70,test,price,3,0.58,Breakfast,test
crops\price_02204.png,10.70,val,price,7,0.79,Breakfast,test
crops\price_02205.png,10.70,train,price,2,0.84,Breakfast,test
crops\price_02206.png,10.70,train,price,2,0.44,Breakfast,test
crops\price_02207.png,10.70,test,price,10,0.47,Breakfast,test
crops\name_02208.png,Omelette,val,name,7,0.58,Breakfast,train
crops\name_02209.png,Omelette,train,name,5,0.72,Breakfast,train
crops\name_02210.png,Omelette,train,name,0,0.77,Breakfast,train
crops\name_02211.png,Omelette,train,name,4,0.8,Breakfast,train
crops\name_02212.png,Omelette,train,name,2,0.43,Breakfast,train
crops\name_02213.png,Omelette,train,name,6,0.82,Breakfast,train
crops\name_02214.png,Omelette,train,name,4,0.84,Breakfast,train
crops\name_02215.png,Omelette,test,name,3,0.94,Breakfast,train
crops\name_02216.png,Omelette,train,name,9,0.79,Breakfast,train
crops\name_02217.png,Omelette,train,name,0,0.6,Breakfast,train
crops\name_02218.png,Omelette,train,name,8,0.75,Breakfast,train
crops\name_02219.png,Omelette,val,name,12,0.62,Breakfast,train
crops\name_02220.png,Omelette,test,name,3,0.94,Breakfast,train
crops\name_02221.png,Omelette,train,name,11,0.61,Breakfast,train
crops\name_02222.png,Omelette,val,name,12,0.41,Breakfast,train
crops\name_02223.png,Omelette,train,name,5,0.58,Breakfast,train
crops\name_02224.png,Omelette,val,name,12,0.69,Breakfast,train
crops\name_02225.png,Omelette,train,name,8,0.41,Breakfast,train
crops\name_02226.png,Omelette,train,name,5,0.46,Breakfast,train
crops\name_02227.png,Omelette,train,name,1,0.89,Breakfast,train
crops\name_02228.png,Omelette,train,name,2,0.66,Breakfast,train
crops\name_02229.png,Omelette,train,name,2,0.88,Breakfast,train
crops\name_02230.png,Omelette,val,name,12,0.56,Breakfast,train
crops\price_02231.png,3.91,test,price,10,0.84,Breakfast,train
crops\price_02232.png,3.91,train,price,5,0.53,Breakfast,train
crops\price_02233.png,3.91,train,price,4,0.88,Breakfast,train
crops\price_02234.png,3.91,train,price,5,0.81,Breakfast,train
crops\price_02235.png,3.91,train,price,1,0.9,Breakfast,train
crops\price_02236.png,3.91,val,price,7,0.8,Breakfast,train
crops\price_02237.png,3.91,train,price,8,0.57,Breakfast,train
crops\price_02238.png,3.91,test,price,10,0.55,Breakfast,train
crops\price_02239.png,3.91,train,price,2,0.86,Breakfast,train
crops\price_02240.png,3.91,val,price,7,0.44,Breakfast,train
crops\price_02241.png,3.91,train,price,2,0.58,Breakfast,train
crops\price_02242.png,3.91,train,price,0,0.65,Breakfast,train
crops\price_02243.png,3.91,train,price,5,0.65,Breakfast,train
crops\price_02244.png,3.91,train,price,0,0.49,Breakfast,train
crops\price_02245.png,3.91,train,price,8,0.41,Breakfast,train
crops\price_02246.png,3.91,val,price,7,0.58,Breakfast,train
crops\price_02247.png,3.91,train,price,0,0.61,Breakfast,train
crops\price_02248.png,3.91,train,price,4,0.57,Breakfast,train
crops\price_02249.png,3.91,train,price,0,0.57,Breakfast,train
crops\price_02250.png,3.91,train,price,1,0.6,Breakfast,train
crops\price_02251.png,3.91,train,price,11,0.91,Breakfast,train
crops\price_02252.png,3.91,test,price,3,0.73,Breakfast,train
crops\price_02253.png,3.91,train,price,5,0.42,Breakfast,train
crops\name_02254.png,Shakshuka,val,name,12,0.86,Breakfast,test
crops\name_02255.png,Shakshuka,train,name,8,0.44,Breakfast,test
crops\name_02256.png,Shakshuka,train,name,11,0.51,Breakfast,test
crops\name_02257.png,Shakshuka,train,name,4,0.81,Breakfast,test
crops\name_02258.png,Shakshuka,val,name,12,0.5,Breakfast,test
crops\name_02259.png,Shakshuka,train,name,6,0.82,Breakfast,test
crops\name_02260.png,Shakshuka,train,name,2,0.46,Breakfast,test
crops\name_02261.png,Shakshuka,train,name,8,0.71,Breakfast,test
crops\name_02262.png,Shakshuka,val,name,12,0.5,Breakfast,test
crops\name_02263.png,Shakshuka,test,name,10,0.7,Breakfast,test
crops\name_02264.png,Shakshuka,train,name,9,0.84,Breakfast,test
crops\name_02265.png,Shakshuka,train,name,6,0.8,Breakfast,test
crops\name_02266.png,Shakshuka,train,name,6,0.79,Breakfast,test
crops\name_02267.png,Shakshuka,train,name,2,0.94,Breakfast,test
crops\name_02268.png,Shakshuka,test,name,3,0.43,Breakfast,test
crops\name_02269.png,Shakshuka,train,name,9,0.62,Breakfast,test
crops\name_02270.png,Shakshuka,train,name,2,0.54,Breakfast,test
crops\name_02271.png,Shakshuka,train,name,5,0.62,Breakfast,test
crops\name_02272.png,Shakshuka,train,name,9,0.4,Breakfast,test
crops\name_02273.png,Shakshuka,test,name,10,0.89,Breakfast,test
crops\name_02274.png,Shakshuka,train,name,0,0.67,Breakfast,test
crops\name_02275.png,Shakshuka,train,name,5,0.77,Breakfast,test
crops\name_02276.png,Shakshuka,train,name,8,0.76,Breakfast,test
crops\price_02277.png,7.680 dt,train,price,0,0.77,Breakfast,test
crops\price_02278.png,7.680 dt,val,price,12,0.61,Breakfast,test
crops\price_02279.png,7.680 dt,train,price,1,0.85,Breakfast,test
crops\price_02280.png,7.680 dt,train,price,8,0.74,Breakfast,test
crops\price_02281.png,7.680 dt,train,price,2,0.71,Breakfast,test
crops\price_02282.png,7.680 dt,val,price,7,0.87,Breakfast,test
crops\price_02283.png,7.680 dt,train,price,9,0.85,Breakfast,test
crops\price_02284.png,7.680 dt,train,price,0,0.82,Breakfast,test
crops\price_02285.png,7.680 dt,train,price,1,0.68,Breakfast,test
crops\price_02286.png,7.680 dt,train,price,5,0.41,Breakfast,test
crops\price_02287.png,7.680 dt,test,price,10,0.75,Breakfast,test
crops\price_02288.png,7.680 dt,test,price,3,0.7,Breakfast,test
crops\price_02289.png,7.680 dt,train,price,1,0.89,Breakfast,test
crops\price_02290.png,7.680 dt,test,price,3,0.62,Breakfast,test
crops\price_02291.png,7.680 dt,train,price,5,0.69,Breakfast,test
crops\price_02292.png,7.680 dt,train,price,9,0.69,Breakfast,test
crops\price_02293.png,7.680 dt,train,price,11,0.73,Breakfast,test
crops\price_02294.png,7.680 dt,train,price,4,0.94,Breakfast,test
crops\price_02295.png,7.680 dt,test,price,3,0.86,Breakfast,test
crops\price_02296.png,7.680 dt,val,price,7,0.71,Breakfast,test
crops\price_02297.png,7.680 dt,train,price,5,0.55,Breakfast,test
crops\price_02298.png,7.680 dt,train,price,11,0.95,Breakfast,test
crops\price_02299.png,7.680 dt,train,price,4,0.84,Breakfast,test
crops\name_02300.png,Labneh Plate,train,name,0,0.45,Breakfast,train
crops\name_02301.png,Labneh Plate,test,name,3,0.67,Breakfast,train
crops\name_02302.png,Labneh Plate,train,name,4,0.73,Breakfast,train
crops\name_02303.png,Labneh Plate,test,name,10,0.84,Breakfast,train
crops\name_02304.png,Labneh Plate,train,name,5,0.53,Breakfast,train
crops\name_02305.png,Labneh Plate,test,name,10,0.68,Breakfast,train
crops\name_02306.png,Labneh Plate,train,name,4,0.68,Breakfast,train
crops\name_02307.png,Labneh Plate,test,name,10,0.54,Breakfast,train
crops\name_02308.png,Labneh Plate,train,name,2,0.44,Breakfast,train
crops\name_02309.png,Labneh Plate,train,name,5,0.76,Breakfast,train
crops\name_02310.png,Labneh Plate,train,name,9,0.67,Breakfast,train
crops\name_02311.png,Labneh Plate,train,name,11,0.69,Breakfast,train
crops\name_02312.png,Labneh Plate,val,name,12,0.75,Breakfast,train
crops\name_02313.png,Labneh Plate,train,name,8,0.89,Breakfast,train
crops\name_02314.png,Labneh Plate,train,name,2,0.42,Breakfast,train
crops\name_02315.png,Labneh Plate,train,name,9,0.71,Breakfast,train
crops\name_02316.png,Labneh Plate,train,name,6,0.92,Breakfast,train
crops\name_02317.png,Labneh Plate,train,name,0,0.72,Breakfast,train
crops\name_02318.png,Labneh Plate,train,name,11,0.86,Breakfast,train
crops\name_02319.png,Labneh Plate,train,name,0,0.45,Breakfast,train
crops\name_02320.png,Labneh Plate,train,name,6,0.57,Breakfast,train
crops\name_02321.png,Labneh Plate,train,name,4,0.92,Breakfast,train
crops\name_02322.png,Labneh Plate,val,name,12,0.93,Breakfast,train
crops\price_02323.png,"4,39",train,price,1,0.75,Breakfast,train
crops\price_02324.png,"4,39",val,price,7,0.59,Breakfast,train
crops\price_02325.png,"4,39",test,price,3,0.85,Breakfast,train
crops\price_02326.png,"4,39",train,price,11,0.51,Breakfast,train
crops\price_02327.png,"4,39",val,price,12,0.49,Breakfast,train
crops\price_02328.png,"4,39",val,price,12,0.5,Breakfast,train
crops\price_02329.png,"4,39",val,price,7,0.84,Breakfast,train
crops\price_02330.png,"4,39",test,price,10,0.8,Breakfast,train
crops\price_02331.png,"4,39",val,price,12,0.86,Breakfast,train
crops\price_02332.png,"4,39",test,price,3,0.79,Breakfast,train
crops\price_02333.png,"4,39",train,price,2,0.63,Breakfast,train
crops\price_02334.png,"4,39",train,price,8,0.83,Breakfast,train
crops\price_02335.png,"4,39",train,price,9,0.57,Breakfast,train
crops\price_02336.png,"4,39",val,price,7,0.7,Breakfast,train
crops\price_02337.png,"4,39",train,price,9,0.56,Breakfast,train
crops\price_02338.png,"4,39",val,price,7,0.46,Breakfast,train
crops\price_02339.png,"4,39",train,price,9,0.92,Breakfast,train
crops\price_02340.png,"4,39",train,price,6,0.59,Breakfast,train
crops\price_02341.png,"4,39",test,price,3,0.8,Breakfast,train
crops\price_02342.png,"4,39",train,price,11,0.91,Breakfast,train
crops\price_02343.png,"4,39",val,price,12,0.72,Breakfast,train
crops\price_02344.png,"4,39",train,price,4,0.47,Breakfast,train
crops\price_02345.png,"4,39",train,price,4,0.61,Breakfast,train
crops\header_02346.png,SANDWICHES,train,header,6,0.56,Sandwiches,train
crops\header_02347.png,SANDWICHES,test,header,10,0.57,Sandwiches,train
crops\header_02348.png,SANDWICHES,train,header,2,0.44,Sandwiches,train
crops\header_02349.png,SANDWICHES,train,header,0,0.73,Sandwiches,train
crops\header_02350.png,SANDWICHES,train,header,4,0.67,Sandwiches,train
crops\header_02351.png,SANDWICHES,train,header,4,0.52,Sandwiches,train
crops\header_02352.png,SANDWICHES,val,header,7,0.94,Sandwiches,train
crops\header_02353.png,SANDWICHES,train,header,1,0.8,Sandwiches,train
crops\header_02354.png,SANDWICHES,test,header,10,0.43,Sandwiches,train
crops\header_02355.png,SANDWICHES,test,header,10,0.74,Sandwiches,train
crops\header_02356.png,SANDWICHES,train,header,0,0.68,Sandwiches,train
crops\header_02357.png,SANDWICHES,train,header,2,0.66,Sandwiches,train
crops\header_02358.png,SANDWICHES,train,header,1,0.62,Sandwiches,train
crops\header_02359.png,SANDWICHES,train,header,5,0.74,Sandwiches,train
crops\header_02360.png,SANDWICHES,test,header,3,0.62,Sandwiches,train
crops\header_02361.png,SANDWICHES,val,header,7,0.69,Sandwiches,train
crops\header_02362.png,SANDWICHES,train,header,6,0.77,Sandwiches,train
crops\header_02363.png,SANDWICHES,train,header,2,0.66,Sandwiches,train
crops\header_02364.png,SANDWICHES,val,header,7,0.43,Sandwiches,train
crops\header_02365.png,SANDWICHES,train,header,6,0.83,Sandwiches,train
crops\header_02366.png,SANDWICHES,train,header,9,0.89,Sandwiches,train
crops\header_02367.png,SANDWICHES,test,header,10,0.8,Sandwiches,train
crops\header_02368.png,SANDWICHES,train,header,9,0.88,Sandwiches,train
crops\name_02369.png,Club Sandwich,train,name,1,0.42,Sandwiches,val
crops\name_02370.png,Club Sandwich,train,name,8,0.74,Sandwiches,val
crops\name_02371.png,Club Sandwich,train,name,11,0.57,Sandwiches,val
crops\name_02372.png,Club Sandwich,train,name,9,0.83,Sandwiches,val
crops\name_02373.png,Club Sandwich,train,name,11,0.59,Sandwiches,val
crops\name_02374.png,Club Sandwich,train,name,9,0.48,Sandwiches,val
crops\name_02375.png,Club Sandwich,train,name,5,0.41,Sandwiches,val
crops\name_02376.png,Club Sandwich,train,name,6,0.55,Sandwiches,val
crops\name_02377.png,Club Sandwich,train,name,11,0.88,Sandwiches,val
crops\name_02378.png,Club Sandwich,train,name,11,0.69,Sandwiches,val
crops\name_02379.png,Club Sandwich,test,name,10,0.68,Sandwiches,val
crops\name_02380.png,Club Sandwich,train,name,9,0.46,Sandwiches,val
crops\name_02381.png,Club Sandwich,train,name,8,0.78,Sandwiches,val
crops\name_02382.png,Club Sandwich,train,name,9,0.64,Sandwiches,val
crops\name_02383.png,Club Sandwich,test,name,3,0.68,Sandwiches,val
crops\name_02384.png,Club Sandwich,test,name,3,0.43,Sandwiches,val
crops\name_02385.png,Club Sandwich,val,name,7,0.51,Sandwiches,val
crops\name_02386.png,Club Sandwich,test,name,3,0.93,Sandwiches,val
crops\name_02387.png,Club Sandwich,train,name,11,0.49,Sandwiches,val
crops\name_02388.png,Club Sandwich,test,name,10,0.86,Sandwiches,val
crops\name_02389.png,Club Sandwich,train,name,0,0.64,Sandwiches,val
crops\name_02390.png,Club Sandwich,train,name,11,0.44,Sandwiches,val
crops\name_02391.png,Club Sandwich,train,name,4,0.42,Sandwiches,val
crops\price_02392.png,11.680 dt,test,price,10,0.81,Sandwiches,val
crops\price_02393.png,11.680 dt,train,price,2,0.6,Sandwiches,val
crops\price_02394.png,11.680 dt,train,price,8,0.93,Sandwiches,val
crops\price_02395.png,11.680 dt,test,price,3,0.88,Sandwiches,val
crops\price_02396.png,11.680 dt,train,price,9,0.67,Sandwiches,val
crops\price_02397.png,11.680 dt,train,price,0,0.94,Sandwiches,val
crops\price_02398.png,11.680 dt,test,price,3,0.94,Sandwiches,val
crops\price_02399.png,11.680 dt,train,price,0,0.92,Sandwiches,val
crops\price_02400.png,11.680 dt,train,price,6,0.4,Sandwiches,val
crops\price_02401.png,11.680 dt,train,price,8,0.64,Sandwiches,val
crops\price_02402.png,11.680 dt,val,price,12,0.47,Sandwiches,val
crops\price_02403.png,11.680 dt,val,price,7,0.95,Sandwiches,val
crops\price_02404.png,11.680 dt,test,price,10,0.79,Sandwiches,val
crops\price_02405.png,11.680 dt,train,price,6,0.84,Sandwiches,val
crops\price_02406.png,11.680 dt,train,price,0,0.89,Sandwiches,val
crops\price_02407.png,11.680 dt,train,price,8,0.9,Sandwiches,val
crops\price_02408.png,11.680 dt,test,price,3,0.66,Sandwiches,val
crops\price_02409.png,11.680 dt,train,price,11,0.72,Sandwiches,val
crops\price_02410.png,11.680 dt,test,price,3,0.45,Sandwiches,val
crops\price_02411.png,11.680 dt,train,price,9,0.47,Sandwiches,val
crops\price_02412.png,11.680 dt,train,price,4,0.5,Sandwiches,val
crops\price_02413.png,11.680 dt,train,price,9,0.73,Sandwiches,val
crops\price_02414.png,11.680 dt,train,price,4,0.75,Sandwiches,val
crops\name_02415.png,Grilled Cheese,train,name,1,0.73,Sandwiches,train
crops\name_02416.png,Grilled Cheese,train,name,2,0.59,Sandwiches,train
crops\name_02417.png,Grilled Cheese,train,name,11,0.92,Sandwiches,train
crops\name_02418.png,Grilled Cheese,train,name,4,0.9,Sandwiches,train
crops\name_02419.png,Grilled Cheese,train,name,4,0.89,Sandwiches,train
crops\name_02420.png,Grilled Cheese,train,name,9,0.79,Sandwiches,train
crops\name_02421.png,Grilled Cheese,train,name,5,0.91,Sandwiches,train
crops\name_02422.png,Grilled Cheese,train,name,5,0.67,Sandwiches,train
crops\name_02423.png,Grilled Cheese,train,name,5,0.43,Sandwiches,train
crops\name_02424.png,Grilled Cheese,train,name,8,0.78,Sandwiches,train
crops\name_02425.png,Grilled Cheese,train,name,2,0.76,Sandwiches,train
crops\name_02426.png,Grilled Cheese,train,name,9,0.5,Sandwiches,train
crops\name_02427.png,Grilled Cheese,test,name,10,0.71,Sandwiches,train
crops\name_02428.png,Grilled Cheese,train,name,8,0.92,Sandwiches,train
crops\name_02429.png,Grilled Cheese,train,name,2,0.86,Sandwiches,train
crops\name_02430.png,Grilled Cheese,train,name,2,0.69,Sandwiches,train
crops\name_02431.png,Grilled Cheese,test,name,3,0.62,Sandwiches,train
crops\name_02432.png,Grilled Cheese,test,name,10,0.94,Sandwiches,train
crops\name_02433.png,Grilled Cheese,test,name,3,0.93,Sandwiches,train
crops\name_02434.png,Grilled Cheese,train,name,6,0.45,Sandwiches,train
crops\name_02435.png,Grilled Cheese,train,name,11,0.74,Sandwiches,train
crops\name_02436.png,Grilled Cheese,train,name,5,0.63,Sandwiches,train
crops\name_02437.png,Grilled Cheese,train,name,4,0.93,Sandwiches,train
crops\price_02438.png,10.030,train,price,6,0.63,Sandwiches,train
crops\price_02439.png,10.030,train,price,5,0.84,Sandwiches,train
crops\price_02440.png,10.030,train,price,5,0.5,Sandwiches,train
crops\price_02441.png,10.030,val,price,7,0.82,Sandwiches,train
crops\price_02442.png,10.030,train,price,2,0.73,Sandwiches,train
crops\price_02443.png,10.030,train,price,5,0.69,Sandwiches,train
crops\price_02444.png,10.030,test,price,3,0.45,Sandwiches,train
crops\price_02445.png,10.030,train,price,9,0.65,Sandwiches,train
crops\price_02446.png,10.030,val,price,12,0.48,Sandwiches,train
crops\price_02447.png,10.030,train,price,5,0.63,Sandwiches,train
crops\price_02448.png,10.030,train,price,5,0.44,Sandwiches,train
crops\price_02449.png,10.030,train,price,9,0.82,Sandwiches,train
crops\price_02450.png,10.030,test,price,3,0.95,Sandwiches,train
crops\price_02451.png,10.030,train,price,1,0.41,Sandwiches,train
crops\price_02452.png,10.030,train,price,4,0.76,Sandwiches,train
crops\price_02453.png,10.030,train,price,1,0.87,Sandwiches,train
crops\price_02454.png,10.030,train,price,1,0.81,Sandwiches,train
crops\price_02455.png,10.030,train,price,8,0.61,Sandwiches,train
crops\price_02456.png,10.030,val,price,7,0.75,Sandwiches,train
crops\price_02457.png,10.030,train,price,6,0.93,Sandwiches,train
crops\price_02458.png,10.030,train,price,11,0.87,Sandwiches,train
crops\price_02459.png,10.030,train,price,9,0.48,Sandwiches,train
crops\price_02460.png,10.030,test,price,3,0.8,Sandwiches,train
crops\name_02461.png,Tuna Melt,test,name,3,0.79,Sandwiches,train
crops\name_02462.png,Tuna Melt,train,name,1,0.5,Sandwiches,train
crops\name_02463.png,Tuna Melt,val,name,12,0.9,Sandwiches,train
crops\name_02464.png,Tuna Melt,train,name,4,0.83,Sandwiches,train
crops\name_02465.png,Tuna Melt,train,name,4,0.75,Sandwiches,train
crops\name_02466.png,Tuna Melt,train,name,5,0.58,Sandwiches,train
crops\name_02467.png,Tuna Melt,train,name,5,0.67,Sandwiches,train
crops\name_02468.png,Tuna Melt,val,name,7,0.84,Sandwiches,train
crops\name_02469.png,Tuna Melt,train,name,5,0.77,Sandwiches,train
crops\name_02470.png,Tuna Melt,train,name,9,0.64,Sandwiches,train
crops\name_02471.png,Tuna Melt,train,name,6,0.49,Sandwiches,train
crops\name_02472.png,Tuna Melt,train,name,2,0.42,Sandwiches,train
crops\name_02473.png,Tuna Melt,train,name,9,0.67,Sandwiches,train
crops\name_02474.png,Tuna Melt,train,name,4,0.53,Sandwiches,train
crops\name_02475.png,Tuna Melt,train,name,4,0.54,Sandwiches,train
crops\name_02476.png,Tuna Melt,train,name,2,0.43,Sandwiches,train
crops\name_02477.png,Tuna Melt,train,name,9,0.47,Sandwiches,train
crops\name_02478.png,Tuna Melt,test,name,10,0.61,Sandwiches,train
crops\name_02479.png,Tuna Melt,train,name,6,0.53,Sandwiches,train
crops\name_02480.png,Tuna Melt,train,name,9,0.5,Sandwiches,train
crops\name_02481.png,Tuna Melt,val,name,7,0.91,Sandwiches,train
crops\name_02482.png,Tuna Melt,train,name,1,0.68,Sandwiches,train
crops\name_02483.png,Tuna Melt,train,name,11,0.73,Sandwiches,train
crops\price_02484.png,6.48,train,price,11,0.45,Sandwiches,train
crops\price_02485.png,6.48,val,price,12,0.86,Sandwiches,train
crops\price_02486.png,6.48,train,price,11,0.59,Sandwiches,train
crops\price_02487.png,6.48,train,price,11,0.52,Sandwiches,train
crops\price_02488.png,6.48,train,price,8,0.65,Sandwiches,train
crops\price_02489.png,6.48,train,price,5,0.63,Sandwiches,train
crops\price_02490.png,6.48,val,price,12,0.9,Sandwiches,train
crops\price_02491.png,6.48,train,price,2,0.42,Sandwiches,train
crops\price_02492.png,6.48,train,price,11,0.77,Sandwiches,train
crops\price_02493.png,6.48,train,price,1,0.8,Sandwiches,train
crops\price_02494.png,6.48,train,price,6,0.6,Sandwiches,train
crops\price_02495.png,6.48,val,price,7,0.83,Sandwiches,train
crops\price_02496.png,6.48,test,price,10,0.55,Sandwiches,train
crops\price_02497.png,6.48,train,price,8,0.62,Sandwiches,train
crops\price_02498.png,6.48,train,price,2,0.77,Sandwiches,train
crops\price_02499.png,6.48,val,price,7,0.91,Sandwiches,train
crops\price_02500.png,6.48,val,price,12,0.63,Sandwiches,train
crops\price_02501.png,6.48,val,price,7,0.94,Sandwiches,train
crops\price_02502.png,6.48,test,price,10,0.8,Sandwiches,train
crops\price_02503.png,6.48,train,price,9,0.46,Sandwiches,train
crops\price_02504.png,6.48,val,price,12,0.79,Sandwiches,train
crops\price_02505.png,6.48,val,price,7,0.58,Sandwiches,train
crops\price_02506.png,6.48,val,price,12,0.78,Sandwiches,train
crops\name_02507.png,Chicken Panini,train,name,8,0.5,Sandwiches,val
crops\name_02508.png,Chicken Panini,train,name,9,0.84,Sandwiches,val
crops\name_02509.png,Chicken Panini,train,name,9,0.61,Sandwiches,val
crops\name_02510.png,Chicken Panini,train,name,2,0.51,Sandwiches,val
crops\name_02511.png,Chicken Panini,train,name,5,0.71,Sandwiches,val
crops\name_02512.png,Chicken Panini,test,name,3,0.8,Sandwiches,val
crops\name_02513.png,Chicken Panini,train,name,6,0.73,Sandwiches,val
crops\name_02514.png,Chicken Panini,train,name,9,0.93,Sandwiches,val
crops\name_02515.png,Chicken Panini,train,name,4,0.92,Sandwiches,val
crops\name_02516.png,Chicken Panini,train,name,6,0.47,Sandwiches,val
crops\name_02517.png,Chicken Panini,train,name,4,0.67,Sandwiches,val
crops\name_02518.png,Chicken Panini,train,name,6,0.86,Sandwiches,val
crops\name_02519.png,Chicken Panini,train,name,2,0.93,Sandwiches,val
crops\name_02520.png,Chicken Panini,train,name,5,0.81,Sandwiches,val
crops\name_02521.png,Chicken Panini,val,name,7,0.41,Sandwiches,val
crops\name_02522.png,Chicken Panini,val,name,12,0.54,Sandwiches,val
crops\name_02523.png,Chicken Panini,train,name,1,0.72,Sandwiches,val
crops\name_02524.png,Chicken Panini,train,name,2,0.93,Sandwiches,val
crops\name_02525.png,Chicken Panini,train,name,5,0.66,Sandwiches,val
crops\name_02526.png,Chicken Panini,train,name,9,0.69,Sandwiches,val
crops\name_02527.png,Chicken Panini,train,name,9,0.64,Sandwiches,val
crops\name_02528.png,Chicken Panini,test,name,10,0.53,Sandwiches,val
crops\name_02529.png,Chicken Panini,train,name,6,0.94,Sandwiches,val
crops\price_02530.png,2.800 DT,train,price,8,0.76,Sandwiches,val
crops\price_02531.png,2.800 DT,test,price,3,0.79,Sandwiches,val
crops\price_02532.png,2.800 DT,train,price,8,0.75,Sandwiches,val
crops\price_02533.png,2.800 DT,train,price,8,0.43,Sandwiches,val
crops\price_02534.png,2.800 DT,train,price,6,0.62,Sandwiches,val
crops\price_02535.png,2.800 DT,test,price,10,0.79,Sandwiches,val
crops\price_02536.png,2.800 DT,val,price,7,0.5,Sandwiches,val
crops\price_02537.png,2.800 DT,train,price,8,0.81,Sandwiches,val
crops\price_02538.png,2.800 DT,val,price,12,0.4,Sandwiches,val
crops\price_02539.png,2.800 DT,train,price,9,0.89,Sandwiches,val
crops\price_02540.png,2.800 DT,val,price,7,0.66,Sandwiches,val
crops\price_02541.png,2.800 DT,train,price,0,0.75,Sandwiches,val
crops\price_02542.png,2.800 DT,train,price,2,0.87,Sandwiches,val
crops\price_02543.png,2.800 DT,train,price,5,0.93,Sandwiches,val
crops\price_02544.png,2.800 DT,train,price,2,0.79,Sandwiches,val
crops\price_02545.png,2.800 DT,train,price,6,0.7,Sandwiches,val
crops\price_02546.png,2.800 DT,val,price,7,0.53,Sandwiches,val
crops\price_02547.png,2.800 DT,train,price,1,0.69,Sandwiches,val
crops\price_02548.png,2.800 DT,train,price,4,0.66,Sandwiches,val
crops\price_02549.png,2.800 DT,val,price,12,0.5,Sandwiches,val
crops\price_02550.png,2.800 DT,train,price,4,0.66,Sandwiches,val
crops\price_02551.png,2.800 DT,train,price,9,0.54,Sandwiches,val
crops\price_02552.png,2.800 DT,test,price,3,0.49,Sandwiches,val
crops\name_02553.png,Falafel Wrap,val,name,7,0.86,Sandwiches,train
crops\name_02554.png,Falafel Wrap,train,name,0,0.57,Sandwiches,train
crops\name_02555.png,Falafel Wrap,train,name,9,0.83,Sandwiches,train
crops\name_02556.png,Falafel Wrap,train,name,11,0.44,Sandwiches,train
crops\name_02557.png,Falafel Wrap,train,name,9,0.87,Sandwiches,train
crops\name_02558.png,Falafel Wrap,val,name,7,0.63,Sandwiches,train
crops\name_02559.png,Falafel Wrap,train,name,11,0.59,Sandwiches,train
crops\name_02560.png,Falafel Wrap,train,name,0,0.84,Sandwiches,train
crops\name_02561.png,Falafel Wrap,train,name,11,0.57,Sandwiches,train
crops\name_02562.png,Falafel Wrap,train,name,4,0.66,Sandwiches,train
crops\name_02563.png,Falafel Wrap,train,name,4,0.87,Sandwiches,train
crops\name_02564.png,Falafel Wrap,test,name,3,0.67,Sandwiches,train
crops\name_02565.png,Falafel Wrap,train,name,11,0.7,Sandwiches,train
crops\name_02566.png,Falafel Wrap,test,name,10,0.51,Sandwiches,train
crops\name_02567.png,Falafel Wrap,val,name,7,0.9,Sandwiches,train
crops\name_02568.png,Falafel Wrap,train,name,9,0.88,Sandwiches,train
crops\name_02569.png,Falafel Wrap,train,name,9,0.65,Sandwiches,train
crops\name_02570.png,Falafel Wrap,train,name,8,0.81,Sandwiches,train
crops\name_02571.png,Falafel Wrap,train,name,2,0.86,Sandwiches,train
crops\name_02572.png,Falafel Wrap,train,name,6,0.55,Sandwiches,train
crops\name_02573.png,Falafel Wrap,train,name,6,0.91,Sandwiches,train
crops\name_02574.png,Falafel Wrap,train,name,1,0.43,Sandwiches,train
crops\name_02575.png,Falafel Wrap,train,name,2,0.89,Sandwiches,train
crops\price_02576.png,"5,20",train,price,11,0.9,Sandwiches,train
crops\price_02577.png,"5,20",test,price,3,0.53,Sandwiches,train
crops\price_02578.png,"5,20",train,price,2,0.9,Sandwiches,train
crops\price_02579.png,"5,20",test,price,10,0.74,Sandwiches,train
crops\price_02580.png,"5,20",train,price,4,0.9,Sandwiches,train
crops\price_02581.png,"5,20",val,price,7,0.94,Sandwiches,train
crops\price_02582.png,"5,20",train,price,5,0.74,Sandwiches,train
crops\price_02583.png,"5,20",train,price,1,0.93,Sandwiches,train
crops\price_02584.png,"5,20",train,price,2,0.86,Sandwiches,train
crops\price_02585.png,"5,20",val,price,7,0.79,Sandwiches,train
crops\price_02586.png,"5,20",train,price,2,0.49,Sandwiches,train
crops\price_02587.png,"5,20",train,price,5,0.58,Sandwiches,train
crops\price_02588.png,"5,20",val,price,7,0.55,Sandwiches,train
crops\price_02589.png,"5,20",test,price,10,0.49,Sandwiches,train
crops\price_02590.png,"5,20",test,price,10,0.64,Sandwiches,train
crops\price_02591.png,"5,20",test,price,3,0.62,Sandwiches,train
crops\price_02592.png,"5,20",train,price,1,0.92,Sandwiches,train
crops\price_02593.png,"5,20",train,price,8,0.67,Sandwiches,train
crops\price_02594.png,"5,20",train,price,5,0.73,Sandwiches,train
crops\price_02595.png,"5,20",test,price,3,0.77,Sandwiches,train
crops\price_02596.png,"5,20",val,price,7,0.82,Sandwiches,train
crops\price_02597.png,"5,20",train,price,1,0.82,Sandwiches,train
crops\price_02598.png,"5,20",train,price,8,0.78,Sandwiches,train
crops\name_02599.png,Caprese Sandwich,train,name,5,0.53,Sandwiches,train
crops\name_02600.png,Caprese Sandwich,train,name,5,0.86,Sandwiches,train
crops\name_02601.png,Caprese Sandwich,train,name,2,0.56,Sandwiches,train
crops\name_02602.png,Caprese Sandwich,test,name,10,0.58,Sandwiches,train
crops\name_02603.png,Caprese Sandwich,val,name,12,0.58,Sandwiches,train
crops\name_02604.png,Caprese Sandwich,val,name,12,0.52,Sandwiches,train
crops\name_02605.png,Caprese Sandwich,train,name,9,0.83,Sandwiches,train
crops\name_02606.png,Caprese Sandwich,train,name,11,0.83,Sandwiches,train
crops\name_02607.png,Caprese Sandwich,train,name,9,0.74,Sandwiches,train
crops\name_02608.png,Caprese Sandwich,train,name,0,0.46,Sandwiches,train
crops\name_02609.png,Caprese Sandwich,train,name,2,0.64,Sandwiches,train
crops\name_02610.png,Caprese Sandwich,train,name,8,0.55,Sandwiches,train
crops\name_02611.png,Caprese Sandwich,train,name,0,0.89,Sandwiches,train
crops\name_02612.png,Caprese Sandwich,train,name,5,0.93,Sandwiches,train
crops\name_02613.png,Caprese Sandwich,train,name,2,0.81,Sandwiches,train
crops\name_02614.png,Caprese Sandwich,train,name,11,0.56,Sandwiches,train
crops\name_02615.png,Caprese Sandwich,train,name,6,0.61,Sandwiches,train
crops\name_02616.png,Caprese Sandwich,train,name,9,0.69,Sandwiches,train
crops\name_02617.png,Caprese Sandwich,train,name,2,0.87,Sandwiches,train
crops\name_02618.png,Caprese Sandwich,val,name,12,0.91,Sandwiches,train
crops\name_02619.png,Caprese Sandwich,test,name,10,0.74,Sandwiches,train
crops\name_02620.png,Caprese Sandwich,train,name,0,0.42,Sandwiches,train
crops\name_02621.png,Caprese Sandwich,train,name,1,0.89,Sandwiches,train
crops\price_02622.png,"7,08",train,price,0,0.59,Sandwiches,train
crops\price_02623.png,"7,08",train,price,1,0.5,Sandwiches,train
crops\price_02624.png,"7,08",test,price,3,0.87,Sandwiches,train
crops\price_02625.png,"7,08",train,price,4,0.74,Sandwiches,train
crops\price_02626.png,"7,08",train,price,2,0.61,Sandwiches,train
crops\price_02627.png,"7,08",train,price,0,0.57,Sandwiches,train
crops\price_02628.png,"7,08",train,price,11,0.64,Sandwiches,train
crops\price_02629.png,"7,08",test,price,10,0.49,Sandwiches,train
crops\price_02630.png,"7,08",test,price,3,0.64,Sandwiches,train
crops\price_02631.png,"7,08",train,price,6,0.82,Sandwiches,train
crops\price_02632.png,"7,08",train,price,9,0.77,Sandwiches,train
crops\price_02633.png,"7,08",train,price,1,0.66,Sandwiches,train
crops\price_02634.png,"7,08",train,price,11,0.81,Sandwiches,train
crops\price_02635.png,"7,08",train,price,9,0.54,Sandwiches,train
crops\price_02636.png,"7,08",train,price,9,0.68,Sandwiches,train
crops\price_02637.png,"7,08",train,price,0,0.65,Sandwiches,train
crops\price_02638.png,"7,08",train,price,6,0.91,Sandwiches,train
crops\price_02639.png,"7,08",train,price,9,0.8,Sandwiches,train
crops\price_02640.png,"7,08",val,price,12,0.61,Sandwiches,train
crops\price_02641.png,"7,08",train,price,9,0.89,Sandwiches,train
crops\price_02642.png,"7,08",val,price,12,0.92,Sandwiches,train
crops\price_02643.png,"7,08",val,price,7,0.76,Sandwiches,train
crops\price_02644.png,"7,08",train,price,1,0.54,Sandwiches,train
crops\name_02645.png,BLT,train,name,5,0.83,Sandwiches,val
crops\name_02646.png,BLT,train,name,2,0.46,Sandwiches,val
crops\name_02647.png,BLT,train,name,8,0.66,Sandwiches,val
crops\name_02648.png,BLT,train,name,9,0.55,Sandwiches,val
crops\name_02649.png,BLT,train,name,6,0.85,Sandwiches,val
crops\name_02650.png,BLT,val,name,7,0.9,Sandwiches,val
crops\name_02651.png,BLT,train,name,5,0.45,Sandwiches,val
crops\name_02652.png,BLT,train,name,9,0.93,Sandwiches,val
crops\name_02653.png,BLT,val,name,12,0.6,Sandwiches,val
crops\name_02654.png,BLT,train,name,8,0.67,Sandwiches,val
crops\name_02655.png,BLT,train,name,11,0.52,Sandwiches,val
crops\name_02656.png,BLT,train,name,6,0.69,Sandwiches,val
crops\name_02657.png,BLT,train,name,2,0.54,Sandwiches,val
crops\name_02658.png,BLT,val,name,7,0.8,Sandwiches,val
crops\name_02659.png,BLT,test,name,10,0.82,Sandwiches,val
crops\name_02660.png,BLT,train,name,8,0.56,Sandwiches,val
crops\name_02661.png,BLT,train,name,5,0.63,Sandwiches,val
crops\name_02662.png,BLT,train,name,0,0.87,Sandwiches,val
crops\name_02663.png,BLT,train,name,5,0.41,Sandwiches,val
crops\name_02664.png,BLT,train,name,8,0.49,Sandwiches,val
crops\name_02665.png,BLT,train,name,2,0.85,Sandwiches,val
crops\name_02666.png,BLT,train,name,2,0.53,Sandwiches,val
crops\name_02667.png,BLT,train,name,0,0.61,Sandwiches,val
crops\price_02668.png,11 DT,train,price,2,0.7,Sandwiches,val
crops\price_02669.png,11 DT,train,price,9,0.72,Sandwiches,val
crops\price_02670.png,11 DT,train,price,6,0.41,Sandwiches,val
crops\price_02671.png,11 DT,train,price,6,0.81,Sandwiches,val
crops\price_02672.png,11 DT,train,price,6,0.83,Sandwiches,val
crops\price_02673.png,11 DT,train,price,1,0.42,Sandwiches,val
crops\price_02674.png,11 DT,train,price,0,0.61,Sandwiches,val
crops\price_02675.png,11 DT,train,price,6,0.6,Sandwiches,val
crops\price_02676.png,11 DT,train,price,6,0.54,Sandwiches,val
crops\price_02677.png,11 DT,test,price,3,0.66,Sandwiches,val
crops\price_02678.png,11 DT,train,price,11,0.48,Sandwiches,val
crops\price_02679.png,11 DT,train,price,2,0.8,Sandwiches,val
crops\price_02680.png,11 DT,train,price,2,0.45,Sandwiches,val
crops\price_02681.png,11 DT,train,price,1,0.55,Sandwiches,val
crops\price_02682.png,11 DT,train,price,5,0.54,Sandwiches,val
crops\price_02683.png,11 DT,val,price,12,0.94,Sandwiches,val
crops\price_02684.png,11 DT,train,price,5,0.88,Sandwiches,val
crops\price_02685.png,11 DT,test,price,3,0.77,Sandwiches,val
crops\price_02686.png,11 DT,train,price,1,0.9,Sandwiches,val
crops\price_02687.png,11 DT,test,price,3,0.86,Sandwiches,val
crops\price_02688.png,11 DT,test,price,3,0.82,Sandwiches,val
crops\price_02689.png,11 DT,test,price,10,0.87,Sandwiches,val
crops\price_02690.png,11 DT,train,price,4,0.54,Sandwiches,val
crops\name_02691.png,Veggie Wrap,train,name,4,0.55,Sandwiches,train
crops\name_02692.png,Veggie Wrap,train,name,0,0.41,Sandwiches,train
crops\name_02693.png,Veggie Wrap,val,name,12,0.86,Sandwiches,train
crops\name_02694.png,Veggie Wrap,train,name,0,0.52,Sandwiches,train
crops\name_02695.png,Veggie Wrap,train,name,5,0.66,Sandwiches,train
crops\name_02696.png,Veggie Wrap,val,name,12,0.62,Sandwiches,train
crops\name_02697.png,Veggie Wrap,val,name,12,0.79,Sandwiches,train
crops\name_02698.png,Veggie Wrap,train,name,8,0.88,Sandwiches,train
crops\name_02699.png,Veggie Wrap,val,name,12,0.57,Sandwiches,train
crops\name_02700.png,Veggie Wrap,test,name,10,0.54,Sandwiches,train
crops\name_02701.png,Veggie Wrap,train,name,6,0.95,Sandwiches,train
crops\name_02702.png,Veggie Wrap,train,name,2,0.56,Sandwiches,train
crops\name_02703.png,Veggie Wrap,train,name,5,0.77,Sandwiches,train
crops\name_02704.png,Veggie Wrap,train,name,6,0.64,Sandwiches,train
crops\name_02705.png,Veggie Wrap,val,name,12,0.61,Sandwiches,train
crops\name_02706.png,Veggie Wrap,train,name,9,0.67,Sandwiches,train
crops\name_02707.png,Veggie Wrap,train,name,0,0.47,Sandwiches,train
crops\name_02708.png,Veggie Wrap,test,name,10,0.62,Sandwiches,train
crops\name_02709.png,Veggie Wrap,train,name,8,0.57,Sandwiches,train
crops\name_02710.png,Veggie Wrap,train,name,0,0.46,Sandwiches,train
crops\name_02711.png,Veggie Wrap,train,name,9,0.72,Sandwiches,train
crops\name_02712.png,Veggie Wrap,train,name,8,0.82,Sandwiches,train
crops\name_02713.png,Veggie Wrap,train,name,0,0.84,Sandwiches,train
crops\price_02714.png,3.090,train,price,11,0.53,Sandwiches,train
crops\price_02715.png,3.090,train,price,1,0.86,Sandwiches,train
crops\price_02716.png,3.090,val,price,12,0.43,Sandwiches,train
crops\price_02717.png,3.090,train,price,9,0.65,Sandwiches,train
crops\price_02718.png,3.090,train,price,6,0.52,Sandwiches,train
crops\price_02719.png,3.090,train,price,11,0.48,Sandwiches,train
crops\price_02720.png,3.090,train,price,4,0.78,Sandwiches,train
crops\price_02721.png,3.090,train,price,6,0.69,Sandwiches,train
crops\price_02722.png,3.090,train,price,8,0.47,Sandwiches,train
crops\price_02723.png,3.090,val,price,12,0.4,Sandwiches,train
crops\price_02724.png,3.090,train,price,2,0.68,Sandwiches,train
crops\price_02725.png,3.090,train,price,8,0.78,Sandwiches,train
crops\price_02726.png,3.090,train,price,2,0.9,Sandwiches,train
crops\price_02727.png,3.090,train,price,4,0.62,Sandwiches,train
crops\price_02728.png,3.090,train,price,4,0.76,Sandwiches,train
crops\price_02729.png,3.090,train,price,6,0.69,Sandwiches,train
crops\price_02730.png,3.090,test,price,3,0.68,Sandwiches,train
crops\price_02731.png,3.090,train,price,6,0.54,Sandwiches,train
crops\price_02732.png,3.090,train,price,2,0.66,Sandwiches,train
crops\price_02733.png,3.090,train,price,0,0.72,Sandwiches,train
crops\price_02734.png,3.090,train,price,9,0.46,Sandwiches,train
crops\price_02735.png,3.090,train,price,9,0.61,Sandwiches,train
crops\price_02736.png,3.090,train,price,2,0.4,Sandwiches,train
crops\name_02737.png,Turkey Sandwich,train,name,9,0.53,Sandwiches,train
crops\name_02738.png,Turkey Sandwich,train,name,1,0.55,Sandwiches,train
crops\name_02739.png,Turkey Sandwich,train,name,5,0.78,Sandwiches,train
crops\name_02740.png,Turkey Sandwich,train,name,4,0.64,Sandwiches,train
crops\name_02741.png,Turkey Sandwich,train,name,11,0.8,Sandwiches,train
crops\name_02742.png,Turkey Sandwich,train,name,5,0.69,Sandwiches,train
crops\name_02743.png,Turkey Sandwich,train,name,5,0.42,Sandwiches,train
crops\name_02744.png,Turkey Sandwich,test,name,10,0.75,Sandwiches,train
crops\name_02745.png,Turkey Sandwich,train,name,1,0.88,Sandwiches,train
crops\name_02746.png,Turkey Sandwich,train,name,4,0.78,Sandwiches,train
crops\name_02747.png,Turkey Sandwich,val,name,12,0.75,Sandwiches,train
crops\name_02748.png,Turkey Sandwich,val,name,12,0.61,Sandwiches,train
crops\name_02749.png,Turkey Sandwich,test,name,3,0.9,Sandwiches,train
crops\name_02750.png,Turkey Sandwich,val,name,7,0.49,Sandwiches,train
crops\name_02751.png,Turkey Sandwich,train,name,4,0.75,Sandwiches,train
crops\name_02752.png,Turkey Sandwich,train,name,9,0.93,Sandwiches,train
crops\name_02753.png,Turkey Sandwich,test,name,3,0.82,Sandwiches,train
crops\name_02754.png,Turkey Sandwich,train,name,6,0.6,Sandwiches,train
crops\name_02755.png,Turkey Sandwich,test,name,3,0.93,Sandwiches,train
crops\name_02756.png,Turkey Sandwich,train,name,1,0.88,Sandwiches,train
crops\name_02757.png,Turkey Sandwich,train,name,0,0.62,Sandwiches,train
crops\name_02758.png,Turkey Sandwich,test,name,3,0.73,Sandwiches,train
crops\name_02759.png,Turkey Sandwich,train,name,11,0.56,Sandwiches,train
crops\price_02760.png,7.510,val,price,7,0.64,Sandwiches,train
crops\price_02761.png,7.510,train,price,9,0.8,Sandwiches,train
crops\price_02762.png,7.510,test,price,3,0.87,Sandwiches,train
crops\price_02763.png,7.510,train,price,9,0.93,Sandwiches,train
crops\price_02764.png,7.510,train,price,9,0.73,Sandwiches,train
crops\price_02765.png,7.510,train,price,5,0.6,Sandwiches,train
crops\price_02766.png,7.510,train,price,11,0.48,Sandwiches,train
crops\price_02767.png,7.510,train,price,2,0.55,Sandwiches,train
crops\price_02768.png,7.510,train,price,9,0.91,Sandwiches,train
crops\price_02769.png,7.510,val,price,7,0.89,Sandwiches,train
crops\price_02770.png,7.510,train,price,5,0.92,Sandwiches,train
crops\price_02771.png,7.510,val,price,7,0.7,Sandwiches,train
crops\price_02772.png,7.510,val,price,7,0.62,Sandwiches,train
crops\price_02773.png,7.510,train,price,2,0.66,Sandwiches,train
crops\price_02774.png,7.510,train,price,6,0.67,Sandwiches,train
crops\price_02775.png,7.510,train,price,0,0.78,Sandwiches,train
crops\price_02776.png,7.510,test,price,3,0.78,Sandwiches,train
crops\price_02777.png,7.510,train,price,0,0.57,Sandwiches,train
crops\price_02778.png,7.510,train,price,0,0.9,Sandwiches,train
crops\price_02779.png,7.510,train,price,6,0.44,Sandwiches,train
crops\price_02780.png,7.510,val,price,12,0.66,Sandwiches,train
crops\price_02781.png,7.510,train,price,11,0.81,Sandwiches,train
crops\price_02782.png,7.510,test,price,10,0.78,Sandwiches,train
crops\name_02783.png,Kefta Sandwich,train,name,11,0.7,Sandwiches,train
crops\name_02784.png,Kefta Sandwich,train,name,8,0.43,Sandwiches,train
crops\name_02785.png,Kefta Sandwich,test,name,10,0.47,Sandwiches,train
crops\name_02786.png,Kefta Sandwich,train,name,4,0.75,Sandwiches,train
crops\name_02787.png,Kefta Sandwich,train,name,11,0.74,Sandwiches,train
crops\name_02788.png,Kefta Sandwich,test,name,3,0.78,Sandwiches,train
crops\name_02789.png,Kefta Sandwich,test,name,3,0.51,Sandwiches,train
crops\name_02790.png,Kefta Sandwich,train,name,9,0.6,Sandwiches,train
crops\name_02791.png,Kefta Sandwich,train,name,5,0.85,Sandwiches,train
crops\name_02792.png,Kefta Sandwich,val,name,7,0.65,Sandwiches,train
crops\name_02793.png,Kefta Sandwich,train,name,1,0.83,Sandwiches,train
crops\name_02794.png,Kefta Sandwich,train,name,9,0.48,Sandwiches,train
crops\name_02795.png,Kefta Sandwich,train,name,6,0.69,Sandwiches,train
crops\name_02796.png,Kefta Sandwich,test,name,3,0.54,Sandwiches,train
crops\name_02797.png,Kefta Sandwich,test,name,10,0.47,Sandwiches,train
crops\name_02798.png,Kefta Sandwich,test,name,10,0.73,Sandwiches,train
crops\name_02799.png,Kefta Sandwich,train,name,0,0.61,Sandwiches,train
crops\name_02800.png,Kefta Sandwich,train,name,9,0.69,Sandwiches,train
crops\name_02801.png,Kefta Sandwich,train,name,11,0.87,Sandwiches,train
crops\name_02802.png,Kefta Sandwich,test,name,10,0.49,Sandwiches,train
crops\name_02803.png,Kefta Sandwich,train,name,2,0.83,Sandwiches,train
crops\name_02804.png,Kefta Sandwich,train,name,0,0.51,Sandwiches,train
crops\name_02805.png,Kefta Sandwich,train,name,8,0.94,Sandwiches,train
crops\price_02806.png,9.070 TND,train,price,6,0.58,Sandwiches,train
crops\price_02807.png,9.070 TND,train,price,5,0.46,Sandwiches,train
crops\price_02808.png,9.070 TND,test,price,10,0.79,Sandwiches,train
crops\price_02809.png,9.070 TND,train,price,6,0.73,Sandwiches,train
crops\price_02810.png,9.070 TND,train,price,9,0.78,Sandwiches,train
crops\price_02811.png,9.070 TND,test,price,10,0.57,Sandwiches,train
crops\price_02812.png,9.070 TND,val,price,12,0.53,Sandwiches,train
crops\price_02813.png,9.070 TND,test,price,3,0.48,Sandwiches,train
crops\price_02814.png,9.070 TND,train,price,4,0.72,Sandwiches,train
crops\price_02815.png,9.070 TND,val,price,7,0.88,Sandwiches,train
crops\price_02816.png,9.070 TND,test,price,3,0.52,Sandwiches,train
crops\price_02817.png,9.070 TND,train,price,9,0.46,Sandwiches,train
crops\price_02818.png,9.070 TND,train,price,9,0.63,Sandwiches,train
crops\price_02819.png,9.070 TND,train,price,4,0.81,Sandwiches,train
crops\price_02820.png,9.070 TND,test,price,3,0.49,Sandwiches,train
crops\price_02821.png,9.070 TND,train,price,8,0.9,Sandwiches,train
crops\price_02822.png,9.070 TND,train,price,2,0.51,Sandwiches,train
crops\price_02823.png,9.070 TND,train,price,5,0.68,Sandwiches,train
crops\price_02824.png,9.070 TND,train,price,2,0.88,Sandwiches,train
crops\price_02825.png,9.070 TND,train,price,1,0.73,Sandwiches,train
crops\price_02826.png,9.070 TND,train,price,11,0.76,Sandwiches,train
crops\price_02827.png,9.070 TND,val,price,7,0.43,Sandwiches,train
crops\price_02828.png,9.070 TND,test,price,3,0.66,Sandwiches,train
crops\header_02829.png,SALADS,train,header,11,0.47,Salads,train
crops\header_02830.png,SALADS,train,header,11,0.76,Salads,train
crops\header_02831.png,SALADS,train,header,4,0.91,Salads,train
crops\header_02832.png,SALADS,train,header,2,0.74,Salads,train
crops\header_02833.png,SALADS,train,header,2,0.56,Salads,train
crops\header_02834.png,SALADS,train,header,1,0.53,Salads,train
crops\header_02835.png,SALADS,train,header,2,0.42,Salads,train
crops\header_02836.png,SALADS,val,header,7,0.6,Salads,train
crops\header_02837.png,SALADS,train,header,2,0.78,Salads,train
crops\header_02838.png,SALADS,train,header,0,0.71,Salads,train
crops\header_02839.png,SALADS,train,header,4,0.52,Salads,train
crops\header_02840.png,SALADS,val,header,7,0.89,Salads,train
crops\header_02841.png,SALADS,test,header,3,0.94,Salads,train
crops\header_02842.png,SALADS,val,header,12,0.59,Salads,train
crops\header_02843.png,SALADS,train,header,4,0.44,Salads,train
crops\header_02844.png,SALADS,train,header,4,0.7,Salads,train
crops\header_02845.png,SALADS,test,header,3,0.93,Salads,train
crops\header_02846.png,SALADS,train,header,8,0.72,Salads,train
crops\header_02847.png,SALADS,train,header,1,0.73,Salads,train
crops\header_02848.png,SALADS,train,header,1,0.6,Salads,train
crops\header_02849.png,SALADS,val,header,7,0.6,Salads,train
crops\header_02850.png,SALADS,train,header,9,0.71,Salads,train
crops\header_02851.png,SALADS,train,header,9,0.42,Salads,train
crops\name_02852.png,Caesar Salad,train,name,11,0.83,Salads,train
crops\name_02853.png,Caesar Salad,test,name,3,0.94,Salads,train
crops\name_02854.png,Caesar Salad,train,name,2,0.95,Salads,train
crops\name_02855.png,Caesar Salad,train,name,11,0.94,Salads,train
crops\name_02856.png,Caesar Salad,val,name,12,0.8,Salads,train
crops\name_02857.png,Caesar Salad,train,name,8,0.49,Salads,train
crops\name_02858.png,Caesar Salad,train,name,0,0.43,Salads,train
crops\name_02859.png,Caesar Salad,train,name,8,0.61,Salads,train
crops\name_02860.png,Caesar Salad,train,name,8,0.58,Salads,train
crops\name_02861.png,Caesar Salad,train,name,2,0.94,Salads,train
crops\name_02862.png,Caesar Salad,train,name,6,0.59,Salads,train
crops\name_02863.png,Caesar Salad,test,name,10,0.75,Salads,train
crops\name_02864.png,Caesar Salad,train,name,1,0.95,Salads,train
crops\name_02865.png,Caesar Salad,train,name,11,0.68,Salads,train
crops\name_02866.png,Caesar Salad,train,name,11,0.78,Salads,train
crops\name_02867.png,Caesar Salad,train,name,6,0.77,Salads,train
crops\name_02868.png,Caesar Salad,train,name,6,0.57,Salads,train
crops\name_02869.png,Caesar Salad,val,name,12,0.45,Salads,train
crops\name_02870.png,Caesar Salad,train,name,2,0.46,Salads,train
crops\name_02871.png,Caesar Salad,val,name,7,0.63,Salads,train
crops\name_02872.png,Caesar Salad,train,name,5,0.45,Salads,train
crops\name_02873.png,Caesar Salad,train,name,6,0.95,Salads,train
crops\name_02874.png,Caesar Salad,test,name,3,0.49,Salads,train
crops\price_02875.png,7.47,test,price,3,0.79,Salads,train
crops\price_02876.png,7.47,test,price,10,0.44,Salads,train
crops\price_02877.png,7.47,train,price,11,0.76,Salads,train
crops\price_02878.png,7.47,train,price,0,0.95,Salads,train
crops\price_02879.png,7.47,train,price,2,0.92,Salads,train
crops\price_02880.png,7.47,train,price,9,0.75,Salads,train
crops\price_02881.png,7.47,train,price,0,0.64,Salads,train
crops\price_02882.png,7.47,train,price,1,0.58,Salads,train
crops\price_02883.png,7.47,train,price,2,0.79,Salads,train
crops\price_02884.png,7.47,test,price,10,0.88,Salads,train
crops\price_02885.png,7.47,train,price,1,0.47,Salads,train
crops\price_02886.png,7.47,train,price,9,0.78,Salads,train
crops\price_02887.png,7.47,train,price,5,0.66,Salads,train
crops\price_02888.png,7.47,test,price,3,0.68,Salads,train
crops\price_02889.png,7.47,val,price,7,0.81,Salads,train
crops\price_02890.png,7.47,train,price,2,0.86,Salads,train
crops\price_02891.png,7.47,train,price,0,0.59,Salads,train
crops\price_02892.png,7.47,train,price,9,0.71,Salads,train
crops\price_02893.png,7.47,train,price,8,0.75,Salads,train
crops\price_02894.png,7.47,train,price,1,0.51,Salads,train
crops\price_02895.png,7.47,train,price,0,0.62,Salads,train
crops\price_02896.png,7.47,train,price,9,0.74,Salads,train
crops\price_02897.png,7.47,train,price,5,0.68,Salads,train
crops\name_02898.png,Greek Salad,train,name,0,0.45,Salads,test
crops\name_02899.png,Greek Salad,train,name,4,0.93,Salads,test
crops\name_02900.png,Greek Salad,train,name,4,0.46,Salads,test
crops\name_02901.png,Greek Salad,train,name,11,0.75,Salads,test
crops\name_02902.png,Greek Salad,test,name,3,0.43,Salads,test
crops\name_02903.png,Greek Salad,train,name,11,0.48,Salads,test
crops\name_02904.png,Greek Salad,train,name,0,0.83,Salads,test
crops\name_02905.png,Greek Salad,test,name,10,0.45,Salads,test
crops\name_02906.png,Greek Salad,train,name,8,0.64,Salads,test
crops\name_02907.png,Greek Salad,val,name,12,0.66,Salads,test
crops\name_02908.png,Greek Salad,val,name,7,0.93,Salads,test
crops\name_02909.png,Greek Salad,val,name,7,0.93,Salads,test
crops\name_02910.png,Greek Salad,train,name,8,0.48,Salads,test
crops\name_02911.png,Greek Salad,val,name,12,0.81,Salads,test
crops\name_02912.png,Greek Salad,val,name,12,0.53,Salads,test
crops\name_02913.png,Greek Salad,train,name,6,0.6,Salads,test
crops\name_02914.png,Greek Salad,train,name,1,0.87,Salads,test
crops\name_02915.png,Greek Salad,val,name,12,0.84,Salads,test
crops\name_02916.png,Greek Salad,train,name,4,0.51,Salads,test
crops\name_02917.png,Greek Salad,train,name,5,0.65,Salads,test
crops\name_02918.png,Greek Salad,train,name,11,0.68,Salads,test
crops\name_02919.png,Greek Salad,val,name,12,0.62,Salads,test
crops\name_02920.png,Greek Salad,val,name,12,0.75,Salads,test
crops\price_02921.png,10.140,train,price,1,0.62,Salads,test
crops\price_02922.png,10.140,train,price,2,0.82,Salads,test
crops\price_02923.png,10.140,train,price,5,0.91,Salads,test
crops\price_02924.png,10.140,train,price,6,0.87,Salads,test
crops\price_02925.png,10.140,test,price,10,0.91,Salads,test
crops\price_02926.png,10.140,train,price,11,0.91,Salads,test
crops\price_02927.png,10.140,train,price,9,0.7,Salads,test
crops\price_02928.png,10.140,val,price,7,0.94,Salads,test
crops\price_02929.png,10.140,val,price,7,0.84,Salads,test
crops\price_02930.png,10.140,train,price,9,0.66,Salads,test
crops\price_02931.png,10.140,train,price,0,0.79,Salads,test
crops\price_02932.png,10.140,val,price,7,0.49,Salads,test
crops\price_02933.png,10.140,val,price,7,0.6,Salads,test
crops\price_02934.png,10.140,val,price,12,0.81,Salads,test
crops\price_02935.png,10.140,val,price,12,0.71,Salads,test
crops\price_02936.png,10.140,train,price,9,0.42,Salads,test
crops\price_02937.png,10.140,train,price,8,0.73,Salads,test
crops\price_02938.png,10.140,train,price,11,0.45,Salads,test
crops\price_02939.png,10.140,train,price,6,0.69,Salads,test
crops\price_02940.png,10.140,test,price,3,0.75,Salads,test
crops\price_02941.png,10.140,train,price,5,0.9,Salads,test
crops\price_02942.png,10.140,test,price,10,0.69,Salads,test
crops\price_02943.png,10.140,train,price,1,0.82,Salads,test
crops\name_02944.png,quinoa Salad,train,name,0,0.8,Salads,train
crops\name_02945.png,quinoa Salad,train,name,6,0.63,Salads,train
crops\name_02946.png,quinoa Salad,test,name,3,0.49,Salads,train
crops\name_02947.png,quinoa Salad,train,name,4,0.8,Salads,train
crops\name_02948.png,quinoa Salad,train,name,9,0.93,Salads,train
crops\name_02949.png,quinoa Salad,train,name,11,0.53,Salads,train
crops\name_02950.png,quinoa Salad,train,name,2,0.7,Salads,train
crops\name_02951.png,quinoa Salad,train,name,0,0.9,Salads,train
crops\name_02952.png,quinoa Salad,train,name,6,0.87,Salads,train
crops\name_02953.png,quinoa Salad,train,name,1,0.88,Salads,train
crops\name_02954.png,quinoa Salad,test,name,10,0.84,Salads,train
crops\name_02955.png,quinoa Salad,train,name,8,0.74,Salads,train
crops\name_02956.png,quinoa Salad,train,name,0,0.64,Salads,train
crops\name_02957.png,quinoa Salad,train,name,11,0.89,Salads,train
crops\name_02958.png,quinoa Salad,train,name,4,0.92,Salads,train
crops\name_02959.png,quinoa Salad,val,name,7,0.68,Salads,train
crops\name_02960.png,quinoa Salad,val,name,7,0.42,Salads,train
crops\name_02961.png,quinoa Salad,train,name,0,0.56,Salads,train
crops\name_02962.png,quinoa Salad,test,name,3,0.86,Salads,train
crops\name_02963.png,quinoa Salad,train,name,0,0.55,Salads,train
crops\name_02964.png,quinoa Salad,train,name,11,0.73,Salads,train
crops\name_02965.png,quinoa Salad,train,name,4,0.41,Salads,train
crops\name_02966.png,quinoa Salad,test,name,10,0.67,Salads,train
crops\price_02967.png,7.400,test,price,3,0.67,Salads,train
crops\price_02968.png,7.400,val,price,7,0.68,Salads,train
crops\price_02969.png,7.400,train,price,5,0.9,Salads,train
crops\price_02970.png,7.400,val,price,12,0.86,Salads,train
crops\price_02971.png,7.400,val,price,7,0.91,Salads,train
crops\price_02972.png,7.400,train,price,5,0.6,Salads,train
crops\price_02973.png,7.400,train,price,0,0.66,Salads,train
crops\price_02974.png,7.400,train,price,9,0.84,Salads,train
crops\price_02975.png,7.400,train,price,2,0.63,Salads,train
crops\price_02976.png,7.400,test,price,3,0.51,Salads,train
crops\price_02977.png,7.400,test,price,3,0.45,Salads,train
crops\price_02978.png,7.400,train,price,2,0.59,Salads,train
crops\price_02979.png,7.400,train,price,2,0.68,Salads,train
crops\price_02980.png,7.400,train,price,4,0.66,Salads,train
crops\price_02981.png,7.400,val,price,12,0.67,Salads,train
crops\price_02982.png,7.400,train,price,5,0.56,Salads,train
crops\price_02983.png,7.400,val,price,12,0.58,Salads,train
crops\price_02984.png,7.400,train,price,9,0.6,Salads,train
crops\price_02985.png,7.400,train,price,6,0.87,Salads,train
crops\price_02986.png,7.400,test,price,3,0.88,Salads,train
crops\price_02987.png,7.400,train,price,2,0.83,Salads,train
crops\price_02988.png,7.400,train,price,5,0.48,Salads,train
crops\price_02989.png,7.400,train,price,11,0.56,Salads,train
crops\name_02990.png,Tuna Salad,train,name,5,0.88,Salads,train
crops\name_02991.png,Tuna Salad,train,name,4,0.74,Salads,train
crops\name_02992.png,Tuna Salad,val,name,12,0.55,Salads,train
crops\name_02993.png,Tuna Salad,train,name,5,0.7,Salads,train
crops\name_02994.png,Tuna Salad,train,name,8,0.82,Salads,train
crops\name_02995.png,Tuna Salad,train,name,6,0.83,Salads,train
crops\name_02996.png,Tuna Salad,test,name,10,0.46,Salads,train
crops\name_02997.png,Tuna Salad,train,name,5,0.65,Salads,train
crops\name_02998.png,Tuna Salad,val,name,12,0.72,Salads,train
crops\name_02999.png,Tuna Salad,train,name,5,0.75,Salads,train
crops\name_03000.png,Tuna Salad,train,name,1,0.61,Salads,train
crops\name_03001.png,Tuna Salad,train,name,11,0.71,Salads,train
crops\name_03002.png,Tuna Salad,train,name,2,0.73,Salads,train
crops\name_03003.png,Tuna Salad,train,name,5,0.75,Salads,train
crops\name_03004.png,Tuna Salad,test,name,3,0.71,Salads,train
crops\name_03005.png,Tuna Salad,train,name,2,0.44,Salads,train
crops\name_03006.png,Tuna Salad,val,name,12,0.81,Salads,train
crops\name_03007.png,Tuna Salad,train,name,2,0.6,Salads,train
crops\name_03008.png,Tuna Salad,train,name,9,0.6,Salads,train
crops\name_03009.png,Tuna Salad,train,name,5,0.51,Salads,train
crops\name_03010.png,Tuna Salad,train,name,5,0.86,Salads,train
crops\name_03011.png,Tuna Salad,val,name,7,0.85,Salads,train
crops\name_03012.png,Tuna Salad,train,name,1,0.75,Salads,train
crops\price_03013.png,12 TND,train,price,5,0.87,Salads,train
crops\price_03014.png,12 TND,train,price,8,0.75,Salads,train
crops\price_03015.png,12 TND,train,price,0,0.79,Salads,train
crops\price_03016.png,12 TND,val,price,12,0.62,Salads,train
crops\price_03017.png,12 TND,train,price,2,0.77,Salads,train
crops\price_03018.png,12 TND,train,price,8,0.41,Salads,train
crops\price_03019.png,12 TND,train,price,2,0.47,Salads,train
crops\price_03020.png,12 TND,val,price,7,0.76,Salads,train
crops\price_03021.png,12 TND,test,price,3,0.4,Salads,train
crops\price_03022.png,12 TND,train,price,1,0.83,Salads,train
crops\price_03023.png,12 TND,train,price,2,0.94,Salads,train
crops\price_03024.png,12 TND,train,price,11,0.91,Salads,train
crops\price_03025.png,12 TND,train,price,0,0.68,Salads,train
crops\price_03026.png,12 TND,train,price,0,0.61,Salads,train
crops\price_03027.png,12 TND,train,price,9,0.92,Salads,train
crops\price_03028.png,12 TND,train,price,4,0.86,Salads,train
crops\price_03029.png,12 TND,train,price,2,0.88,Salads,train
crops\price_03030.png,12 TND,train,price,0,0.61,Salads,train
crops\price_03031.png,12 TND,train,price,4,0.62,Salads,train
crops\price_03032.png,12 TND,train,price,0,0.52,Salads,train
crops\price_03033.png,12 TND,train,price,2,0.87,Salads,train
crops\price_03034.png,12 TND,test,price,3,0.52,Salads,train
crops\price_03035.png,12 TND,train,price,9,0.78,Salads,train
crops\name_03036.png,Caprese Salad,test,name,3,0.83,Salads,train
crops\name_03037.png,Caprese Salad,train,name,5,0.63,Salads,train
crops\name_03038.png,Caprese Salad,val,name,7,0.57,Salads,train
crops\name_03039.png,Caprese Salad,train,name,4,0.6,Salads,train
crops\name_03040.png,Caprese Salad,val,name,12,0.62,Salads,train
crops\name_03041.png,Caprese Salad,test,name,3,0.42,Salads,train
crops\name_03042.png,Caprese Salad,val,name,7,0.55,Salads,train
crops\name_03043.png,Caprese Salad,train,name,0,0.47,Salads,train
crops\name_03044.png,Caprese Salad,train,name,8,0.68,Salads,train
crops\name_03045.png,Caprese Salad,test,name,10,0.43,Salads,train
crops\name_03046.png,Caprese Salad,test,name,3,0.78,Salads,train
crops\name_03047.png,Caprese Salad,train,name,5,0.77,Salads,train
crops\name_03048.png,Caprese Salad,val,name,12,0.7,Salads,train
crops\name_03049.png,Caprese Salad,test,name,10,0.9,Salads,train
crops\name_03050.png,Caprese Salad,train,name,8,0.68,Salads,train
crops\name_03051.png,Caprese Salad,train,name,5,0.68,Salads,train
crops\name_03052.png,Caprese Salad,train,name,9,0.65,Salads,train
crops\name_03053.png,Caprese Salad,train,name,6,0.57,Salads,train
crops\name_03054.png,Caprese Salad,train,name,9,0.45,Salads,train
crops\name_03055.png,Caprese Salad,val,name,7,0.83,Salads,train
crops\name_03056.png,Caprese Salad,test,name,3,0.67,Salads,train
crops\name_03057.png,Caprese Salad,test,name,3,0.58,Salads,train
crops\name_03058.png,Caprese Salad,train,name,9,0.49,Salads,train
crops\price_03059.png,8,val,price,7,0.85,Salads,train
crops\price_03060.png,8,train,price,5,0.45,Salads,train
crops\price_03061.png,8,train,price,9,0.46,Salads,train
crops\price_03062.png,8,train,price,5,0.4,Salads,train
crops\price_03063.png,8,train,price,6,0.56,Salads,train
crops\price_03064.png,8,test,price,3,0.56,Salads,train
crops\price_03065.png,8,train,price,6,0.84,Salads,train
crops\price_03066.png,8,train,price,11,0.86,Salads,train
crops\price_03067.png,8,train,price,6,0.62,Salads,train
crops\price_03068.png,8,train,price,9,0.45,Salads,train
crops\price_03069.png,8,train,price,0,0.85,Salads,train
crops\price_03070.png,8,train,price,4,0.44,Salads,train
crops\price_03071.png,8,train,price,5,0.77,Salads,train
crops\price_03072.png,8,train,price,5,0.56,Salads,train
crops\price_03073.png,8,train,price,0,0.55,Salads,train
crops\price_03074.png,8,train,price,9,0.9,Salads,train
crops\price_03075.png,8,train,price,8,0.58,Salads,train
crops\price_03076.png,8,train,price,2,0.44,Salads,train
crops\price_03077.png,8,train,price,9,0.42,Salads,train
crops\price_03078.png,8,train,price,0,0.82,Salads,train
crops\price_03079.png,8,test,price,10,0.49,Salads,train
crops\price_03080.png,8,train,price,0,0.58,Salads,train
crops\price_03081.png,8,train,price,6,0.86,Salads,train
crops\name_03082.png,Lentil Salad,test,name,3,0.63,Salads,train
crops\name_03083.png,Lentil Salad,val,name,7,0.66,Salads,train
crops\name_03084.png,Lentil Salad,val,name,12,0.84,Salads,train
crops\name_03085.png,Lentil Salad,train,name,8,0.91,Salads,train
crops\name_03086.png,Lentil Salad,val,name,7,0.57,Salads,train
crops\name_03087.png,Lentil Salad,train,name,11,0.94,Salads,train
crops\name_03088.png,Lentil Salad,train,name,6,0.93,Salads,train
crops\name_03089.png,Lentil Salad,train,name,0,0.5,Salads,train
crops\name_03090.png,Lentil Salad,train,name,1,0.75,Salads,train
crops\name_03091.png,Lentil Salad,train,name,2,0.7,Salads,train
crops\name_03092.png,Lentil Salad,train,name,8,0.51,Salads,train
crops\name_03093.png,Lentil Salad,train,name,8,0.79,Salads,train
crops\name_03094.png,Lentil Salad,train,name,11,0.68,Salads,train
crops\name_03095.png,Lentil Salad,val,name,7,0.5,Salads,train
crops\name_03096.png,Lentil Salad,val,name,7,0.68,Salads,train
crops\name_03097.png,Lentil Salad,train,name,6,0.6,Salads,train
crops\name_03098.png,Lentil Salad,train,name,4,0.65,Salads,train
crops\name_03099.png,Lentil Salad,val,name,12,0.76,Salads,train
crops\name_03100.png,Lentil Salad,val,name,7,0.93,Salads,train
crops\name_03101.png,Lentil Salad,train,name,1,0.47,Salads,train
crops\name_03102.png,Lentil Salad,val,name,7,0.57,Salads,train
crops\name_03103.png,Lentil Salad,test,name,3,0.44,Salads,train
crops\name_03104.png,Lentil Salad,train,name,8,0.45,Salads,train
crops\price_03105.png,"7,88",train,price,4,0.93,Salads,train
crops\price_03106.png,"7,88",test,price,10,0.48,Salads,train
crops\price_03107.png,"7,88",train,price,0,0.86,Salads,train
crops\price_03108.png,"7,88",train,price,2,0.83,Salads,train
crops\price_03109.png,"7,88",train,price,5,0.42,Salads,train
crops\price_03110.png,"7,88",train,price,6,0.86,Salads,train
crops\price_03111.png,"7,88",val,price,7,0.56,Salads,train
crops\price_03112.png,"7,88",train,price,11,0.73,Salads,train
crops\price_03113.png,"7,88",train,price,2,0.67,Salads,train
crops\price_03114.png,"7,88",train,price,6,0.75,Salads,train
crops\price_03115.png,"7,88",train,price,9,0.58,Salads,train
crops\price_03116.png,"7,88",train,price,8,0.65,Salads,train
crops\price_03117.png,"7,88",train,price,2,0.91,Salads,train
crops\price_03118.png,"7,88",train,price,0,0.82,Salads,train
crops\price_03119.png,"7,88",train,price,6,0.78,Salads,train
crops\price_03120.png,"7,88",train,price,4,0.55,Salads,train
crops\price_03121.png,"7,88",train,price,5,0.65,Salads,train
crops\price_03122.png,"7,88",train,price,1,0.91,Salads,train
crops\price_03123.png,"7,88",train,price,11,0.81,Salads,train
crops\price_03124.png,"7,88",train,price,4,0.7,Salads,train
crops\price_03125.png,"7,88",train,price,11,0.41,Salads,train
crops\price_03126.png,"7,88",train,price,1,0.57,Salads,train
crops\price_03127.png,"7,88",train,price,8,0.69,Salads,train
crops\name_03128.png,Chicken Salad,test,name,10,0.87,Salads,train
crops\name_03129.png,Chicken Salad,test,name,3,0.44,Salads,train
crops\name_03130.png,Chicken Salad,train,name,5,0.71,Salads,train
crops\name_03131.png,Chicken Salad,train,name,8,0.61,Salads,train
crops\name_03132.png,Chicken Salad,train,name,0,0.72,Salads,train
crops\name_03133.png,Chicken Salad,test,name,3,0.83,Salads,train
crops\name_03134.png,Chicken Salad,train,name,2,0.86,Salads,train
crops\name_03135.png,Chicken Salad,train,name,5,0.59,Salads,train
crops\name_03136.png,Chicken Salad,train,name,9,0.43,Salads,train
crops\name_03137.png,Chicken Salad,train,name,1,0.94,Salads,train
crops\name_03138.png,Chicken Salad,test,name,3,0.9,Salads,train
crops\name_03139.png,Chicken Salad,test,name,3,0.45,Salads,train
crops\name_03140.png,Chicken Salad,train,name,8,0.82,Salads,train
crops\name_03141.png,Chicken Salad,test,name,10,0.45,Salads,train
crops\name_03142.png,Chicken Salad,train,name,11,0.47,Salads,train
crops\name_03143.png,Chicken Salad,train,name,6,0.6,Salads,train
crops\name_03144.png,Chicken Salad,train,name,8,0.84,Salads,train
crops\name_03145.png,Chicken Salad,train,name,1,0.56,Salads,train
crops\name_03146.png,Chicken Salad,train,name,4,0.51,Salads,train
crops\name_03147.png,Chicken Salad,test,name,3,0.48,Salads,train
crops\name_03148.png,Chicken Salad,train,name,9,0.65,Salads,train
crops\name_03149.png,Chicken Salad,train,name,6,0.67,Salads,train
crops\name_03150.png,Chicken Salad,train,name,11,0.41,Salads,train
crops\price_03151.png,"6,45",train,price,11,0.87,Salads,train
crops\price_03152.png,"6,45",val,price,7,0.77,Salads,train
crops\price_03153.png,"6,45",train,price,1,0.79,Salads,train
crops\price_03154.png,"6,45",train,price,6,0.53,Salads,train
crops\price_03155.png,"6,45",train,price,6,0.77,Salads,train
crops\price_03156.png,"6,45",val,price,7,0.87,Salads,train
crops\price_03157.png,"6,45",train,price,8,0.44,Salads,train
crops\price_03158.png,"6,45",train,price,11,0.89,Salads,train
crops\price_03159.png,"6,45",val,price,7,0.7,Salads,train
crops\price_03160.png,"6,45",train,price,2,0.91,Salads,train
crops\price_03161.png,"6,45",train,price,2,0.42,Salads,train
crops\price_03162.png,"6,45",test,price,10,0.86,Salads,train
crops\price_03163.png,"6,45",train,price,0,0.93,Salads,train
crops\price_03164.png,"6,45",train,price,2,0.6,Salads,train
crops\price_03165.png,"6,45",train,price,11,0.76,Salads,train
crops\price_03166.png,"6,45",train,price,9,0.73,Salads,train
crops\price_03167.png,"6,45",train,price,0,0.69,Salads,train
crops\price_03168.png,"6,45",val,price,7,0.8,Salads,train
crops\price_03169.png,"6,45",train,price,1,0.79,Salads,train
crops\price_03170.png,"6,45",train,price,5,0.56,Salads,train
crops\price_03171.png,"6,45",train,price,5,0.87,Salads,train
crops\price_03172.png,"6,45",train,price,0,0.82,Salads,train
crops\price_03173.png,"6,45",train,price,4,0.43,Salads,train
crops\name_03174.png,Mechouia Salad,train,name,5,0.79,Salads,test
crops\name_03175.png,Mechouia Salad,train,name,4,0.86,Salads,test
crops\name_03176.png,Mechouia Salad,test,name,3,0.4,Salads,test
crops\name_03177.png,Mechouia Salad,train,name,8,0.78,Salads,test
crops\name_03178.png,Mechouia Salad,train,name,0,0.86,Salads,test
crops\name_03179.png,Mechouia Salad,train,name,9,0.77,Salads,test
crops\name_03180.png,Mechouia Salad,val,name,7,0.53,Salads,test
crops\name_03181.png,Mechouia Salad,train,name,4,0.69,Salads,test
crops\name_03182.png,Mechouia Salad,train,name,1,0.5,Salads,test
crops\name_03183.png,Mechouia Salad,train,name,1,0.55,Salads,test
crops\name_03184.png,Mechouia Salad,test,name,10,0.67,Salads,test
crops\name_03185.png,Mechouia Salad,train,name,9,0.54,Salads,test
crops\name_03186.png,Mechouia Salad,train,name,6,0.58,Salads,test
crops\name_03187.png,Mechouia Salad,train,name,11,0.53,Salads,test
crops\name_03188.png,Mechouia Salad,train,name,9,0.64,Salads,test
crops\name_03189.png,Mechouia Salad,test,name,10,0.74,Salads,test
crops\name_03190.png,Mechouia Salad,train,name,2,0.94,Salads,test
crops\name_03191.png,Mechouia Salad,train,name,11,0.87,Salads,test
crops\name_03192.png,Mechouia Salad,test,name,10,0.68,Salads,test
crops\name_03193.png,Mechouia Salad,train,name,0,0.43,Salads,test
crops\name_03194.png,Mechouia Salad,train,name,5,0.57,Salads,test
crops\name_03195.png,Mechouia Salad,val,name,12,0.77,Salads,test
crops\name_03196.png,Mechouia Salad,train,name,6,0.81,Salads,test
crops\price_03197.png,7.960,val,price,12,0.85,Salads,test
crops\price_03198.png,7.960,train,price,8,0.58,Salads,test
crops\price_03199.png,7.960,test,price,3,0.63,Salads,test
crops\price_03200.png,7.960,val,price,12,0.42,Salads,test
crops\price_03201.png,7.960,val,price,7,0.76,Salads,test
crops\price_03202.png,7.960,val,price,7,0.9,Salads,test
crops\price_03203.png,7.960,train,price,4,0.87,Salads,test
crops\price_03204.png,7.960,train,price,11,0.51,Salads,test
crops\price_03205.png,7.960,train,price,9,0.6,Salads,test
crops\price_03206.png,7.960,train,price,11,0.86,Salads,test
crops\price_03207.png,7.960,train,price,1,0.79,Salads,test
crops\price_03208.png,7.960,train,price,1,0.58,Salads,test
crops\price_03209.png,7.960,train,price,6,0.46,Salads,test
crops\price_03210.png,7.960,train,price,8,0.43,Salads,test
crops\price_03211.png,7.960,train,price,1,0.91,Salads,test
crops\price_03212.png,7.960,train,price,2,0.81,Salads,test
crops\price_03213.png,7.960,train,price,8,0.47,Salads,test
crops\price_03214.png,7.960,train,price,6,0.85,Salads,test
crops\price_03215.png,7.960,test,price,10,0.93,Salads,test
crops\price_03216.png,7.960,train,price,0,0.52,Salads,test
crops\price_03217.png,7.960,train,price,6,0.78,Salads,test
crops\price_03218.png,7.960,train,price,9,0.56,Salads,test
crops\price_03219.png,7.960,train,price,6,0.42,Salads,test
crops\header_03220.png,DESSERTS,train,header,0,0.53,Desserts,train
crops\header_03221.png,DESSERTS,val,header,12,0.88,Desserts,train
crops\header_03222.png,DESSERTS,train,header,2,0.94,Desserts,train
crops\header_03223.png,DESSERTS,train,header,4,0.58,Desserts,train
crops\header_03224.png,DESSERTS,test,header,3,0.89,Desserts,train
crops\header_03225.png,DESSERTS,train,header,1,0.63,Desserts,train
crops\header_03226.png,DESSERTS,train,header,8,0.93,Desserts,train
crops\header_03227.png,DESSERTS,test,header,10,0.81,Desserts,train
crops\header_03228.png,DESSERTS,train,header,6,0.52,Desserts,train
crops\header_03229.png,DESSERTS,val,header,12,0.67,Desserts,train
crops\header_03230.png,DESSERTS,test,header,3,0.86,Desserts,train
crops\header_03231.png,DESSERTS,train,header,4,0.4,Desserts,train
crops\header_03232.png,DESSERTS,train,header,11,0.49,Desserts,train
crops\header_03233.png,DESSERTS,train,header,0,0.73,Desserts,train
crops\header_03234.png,DESSERTS,train,header,4,0.6,Desserts,train
crops\header_03235.png,DESSERTS,train,header,6,0.64,Desserts,train
crops\header_03236.png,DESSERTS,train,header,0,0.55,Desserts,train
crops\header_03237.png,DESSERTS,train,header,11,0.61,Desserts,train
crops\header_03238.png,DESSERTS,train,header,0,0.6,Desserts,train
crops\header_03239.png,DESSERTS,train,header,0,0.92,Desserts,train
crops\header_03240.png,DESSERTS,train,header,9,0.74,Desserts,train
crops\header_03241.png,DESSERTS,train,header,4,0.51,Desserts,train
crops\header_03242.png,DESSERTS,val,header,7,0.69,Desserts,train
crops\name_03243.png,Tiramisu,train,name,2,0.67,Desserts,train
crops\name_03244.png,Tiramisu,train,name,9,0.88,Desserts,train
crops\name_03245.png,Tiramisu,train,name,0,0.52,Desserts,train
crops\name_03246.png,Tiramisu,train,name,11,0.51,Desserts,train
crops\name_03247.png,Tiramisu,test,name,3,0.87,Desserts,train
crops\name_03248.png,Tiramisu,train,name,6,0.86,Desserts,train
crops\name_03249.png,Tiramisu,val,name,12,0.62,Desserts,train
crops\name_03250.png,Tiramisu,train,name,8,0.93,Desserts,train
crops\name_03251.png,Tiramisu,test,name,10,0.88,Desserts,train
crops\name_03252.png,Tiramisu,train,name,0,0.56,Desserts,train
crops\name_03253.png,Tiramisu,train,name,8,0.46,Desserts,train
crops\name_03254.png,Tiramisu,train,name,1,0.74,Desserts,train
crops\name_03255.png,Tiramisu,train,name,2,0.53,Desserts,train
crops\name_03256.png,Tiramisu,train,name,5,0.66,Desserts,train
crops\name_03257.png,Tiramisu,train,name,6,0.54,Desserts,train
crops\name_03258.png,Tiramisu,val,name,12,0.85,Desserts,train
crops\name_03259.png,Tiramisu,train,name,9,0.93,Desserts,train
crops\name_03260.png,Tiramisu,train,name,0,0.8,Desserts,train
crops\name_03261.png,Tiramisu,test,name,10,0.6,Desserts,train
crops\name_03262.png,Tiramisu,train,name,9,0.81,Desserts,train
crops\name_03263.png,Tiramisu,val,name,12,0.65,Desserts,train
crops\name_03264.png,Tiramisu,train,name,11,0.71,Desserts,train
crops\name_03265.png,Tiramisu,train,name,4,0.54,Desserts,train
crops\price_03266.png,"5,85",train,price,9,0.89,Desserts,train
crops\price_03267.png,"5,85",train,price,6,0.9,Desserts,train
crops\price_03268.png,"5,85",train,price,1,0.52,Desserts,train
crops\price_03269.png,"5,85",test,price,10,0.74,Desserts,train
crops\price_03270.png,"5,85",val,price,12,0.7,Desserts,train
crops\price_03271.png,"5,85",train,price,6,0.55,Desserts,train
crops\price_03272.png,"5,85",train,price,9,0.63,Desserts,train
crops\price_03273.png,"5,85",train,price,6,0.79,Desserts,train
crops\price_03274.png,"5,85",train,price,11,0.56,Desserts,train
crops\price_03275.png,"5,85",test,price,10,0.71,Desserts,train
crops\price_03276.png,"5,85",train,price,2,0.74,Desserts,train
crops\price_03277.png,"5,85",test,price,10,0.56,Desserts,train
crops\price_03278.png,"5,85",train,price,11,0.4,Desserts,train
crops\price_03279.png,"5,85",train,price,5,0.91,Desserts,train
crops\price_03280.png,"5,85",train,price,0,0.81,Desserts,train
crops\price_03281.png,"5,85",val,price,7,0.59,Desserts,train
crops\price_03282.png,"5,85",train,price,1,0.87,Desserts,train
crops\price_03283.png,"5,85",train,price,9,0.79,Desserts,train
crops\price_03284.png,"5,85",train,price,9,0.59,Desserts,train
crops\price_03285.png,"5,85",train,price,9,0.71,Desserts,train
crops\price_03286.png,"5,85",val,price,12,0.9,Desserts,train
crops\price_03287.png,"5,85",val,price,12,0.56,Desserts,train
crops\price_03288.png,"5,85",test,price,10,0.62,Desserts,train
crops\name_03289.png,Cheesecake,train,name,6,0.88,Desserts,val
crops\name_03290.png,Cheesecake,train,name,1,0.45,Desserts,val
crops\name_03291.png,Cheesecake,train,name,8,0.63,Desserts,val
crops\name_03292.png,Cheesecake,train,name,8,0.74,Desserts,val
crops\name_03293.png,Cheesecake,test,name,3,0.84,Desserts,val
crops\name_03294.png,Cheesecake,train,name,4,0.89,Desserts,val
crops\name_03295.png,Cheesecake,test,name,10,0.84,Desserts,val
crops\name_03296.png,Cheesecake,train,name,4,0.51,Desserts,val
crops\name_03297.png,Cheesecake,train,name,5,0.75,Desserts,val
crops\name_03298.png,Cheesecake,test,name,10,0.48,Desserts,val
crops\name_03299.png,Cheesecake,train,name,11,0.73,Desserts,val
crops\name_03300.png,Cheesecake,val,name,12,0.57,Desserts,val
crops\name_03301.png,Cheesecake,train,name,6,0.83,Desserts,val
crops\name_03302.png,Cheesecake,train,name,4,0.91,Desserts,val
crops\name_03303.png,Cheesecake,train,name,2,0.46,Desserts,val
crops\name_03304.png,Cheesecake,train,name,6,0.69,Desserts,val
crops\name_03305.png,Cheesecake,train,name,9,0.89,Desserts,val
crops\name_03306.png,Cheesecake,val,name,7,0.68,Desserts,val
crops\name_03307.png,Cheesecake,test,name,3,0.9,Desserts,val
crops\name_03308.png,Cheesecake,test,name,3,0.42,Desserts,val
crops\name_03309.png,Cheesecake,val,name,12,0.68,Desserts,val
crops\name_03310.png,Cheesecake,train,name,9,0.47,Desserts,val
crops\name_03311.png,Cheesecake,train,name,2,0.73,Desserts,val
crops\price_03312.png,7.76,test,price,10,0.88,Desserts,val
crops\price_03313.png,7.76,val,price,7,0.45,Desserts,val
crops\price_03314.png,7.76,train,price,9,0.69,Desserts,val
crops\price_03315.png,7.76,train,price,6,0.82,Desserts,val
crops\price_03316.png,7.76,train,price,6,0.91,Desserts,val
crops\price_03317.png,7.76,test,price,10,0.77,Desserts,val
crops\price_03318.png,7.76,train,price,1,0.83,Desserts,val
crops\price_03319.png,7.76,train,price,4,0.76,Desserts,val
crops\price_03320.png,7.76,val,price,7,0.92,Desserts,val
crops\price_03321.png,7.76,train,price,6,0.41,Desserts,val
crops\price_03322.png,7.76,train,price,2,0.6,Desserts,val
crops\price_03323.png,7.76,test,price,10,0.86,Desserts,val
crops\price_03324.png,7.76,train,price,4,0.66,Desserts,val
crops\price_03325.png,7.76,test,price,10,0.55,Desserts,val
crops\price_03326.png,7.76,train,price,8,0.65,Desserts,val
crops\price_03327.png,7.76,train,price,1,0.68,Desserts,val
crops\price_03328.png,7.76,val,price,7,0.84,Desserts,val
crops\price_03329.png,7.76,test,price,3,0.52,Desserts,val
crops\price_03330.png,7.76,train,price,9,0.8,Desserts,val
crops\price_03331.png,7.76,train,price,9,0.64,Desserts,val
crops\price_03332.png,7.76,train,price,6,0.42,Desserts,val
crops\price_03333.png,7.76,test,price,10,0.91,Desserts,val
crops\price_03334.png,7.76,test,price,3,0.95,Desserts,val
crops\name_03335.png,Chocolate Cake,train,name,6,0.68,Desserts,test
crops\name_03336.png,Chocolate Cake,test,name,10,0.78,Desserts,test
crops\name_03337.png,Chocolate Cake,train,name,8,0.5,Desserts,test
crops\name_03338.png,Chocolate Cake,val,name,12,0.4,Desserts,test
crops\name_03339.png,Chocolate Cake,train,name,11,0.43,Desserts,test
crops\name_03340.png,Chocolate Cake,train,name,8,0.79,Desserts,test
crops\name_03341.png,Chocolate Cake,train,name,2,0.43,Desserts,test
crops\name_03342.png,Chocolate Cake,test,name,10,0.42,Desserts,test
crops\name_03343.png,Chocolate Cake,train,name,8,0.61,Desserts,test
crops\name_03344.png,Chocolate Cake,train,name,8,0.52,Desserts,test
crops\name_03345.png,Chocolate Cake,train,name,9,0.45,Desserts,test
crops\name_03346.png,Chocolate Cake,train,name,0,0.87,Desserts,test
crops\name_03347.png,Chocolate Cake,val,name,12,0.58,Desserts,test
crops\name_03348.png,Chocolate Cake,train,name,1,0.44,Desserts,test
crops\name_03349.png,Chocolate Cake,train,name,5,0.44,Desserts,test
crops\name_03350.png,Chocolate Cake,test,name,3,0.7,Desserts,test
crops\name_03351.png,Chocolate Cake,train,name,9,0.6,Desserts,test
crops\name_03352.png,Chocolate Cake,train,name,8,0.51,Desserts,test
crops\name_03353.png,Chocolate Cake,train,name,6,0.59,Desserts,test
crops\name_03354.png,Chocolate Cake,train,name,2,0.4,Desserts,test
crops\name_03355.png,Chocolate Cake,train,name,6,0.76,Desserts,test
crops\name_03356.png,Chocolate Cake,train,name,4,0.6,Desserts,test
crops\name_03357.png,Chocolate Cake,val,name,12,0.65,Desserts,test
crops\price_03358.png,4.900,train,price,4,0.85,Desserts,test
crops\price_03359.png,4.900,train,price,1,0.75,Desserts,test
crops\price_03360.png,4.900,train,price,9,0.42,Desserts,test
crops\price_03361.png,4.900,train,price,4,0.48,Desserts,test
crops\price_03362.png,4.900,train,price,6,0.45,Desserts,test
crops\price_03363.png,4.900,train,price,11,0.65,Desserts,test
crops\price_03364.png,4.900,train,price,1,0.48,Desserts,test
crops\price_03365.png,4.900,train,price,0,0.78,Desserts,test
crops\price_03366.png,4.900,val,price,12,0.9,Desserts,test
crops\price_03367.png,4.900,train,price,8,0.65,Desserts,test
crops\price_03368.png,4.900,train,price,1,0.88,Desserts,test
crops\price_03369.png,4.900,train,price,0,0.44,Desserts,test
crops\price_03370.png,4.900,train,price,4,0.71,Desserts,test
crops\price_03371.png,4.900,train,price,0,0.62,Desserts,test
crops\price_03372.png,4.900,train,price,6,0.79,Desserts,test
crops\price_03373.png,4.900,test,price,3,0.66,Desserts,test
crops\price_03374.png,4.900,train,price,11,0.78,Desserts,test
crops\price_03375.png,4.900,train,price,8,0.78,Desserts,test
crops\price_03376.png,4.900,train,price,5,0.68,Desserts,test
crops\price_03377.png,4.900,train,price,5,0.69,Desserts,test
crops\price_03378.png,4.900,train,price,6,0.65,Desserts,test
crops\price_03379.png,4.900,test,price,10,0.95,Desserts,test
crops\price_03380.png,4.900,train,price,1,0.54,Desserts,test
crops\name_03381.png,Lemon Tart,test,name,10,0.69,Desserts,train
crops\name_03382.png,Lemon Tart,train,name,1,0.47,Desserts,train
crops\name_03383.png,Lemon Tart,val,name,12,0.94,Desserts,train
crops\name_03384.png,Lemon Tart,train,name,9,0.94,Desserts,train
crops\name_03385.png,Lemon Tart,test,name,3,0.78,Desserts,train
crops\name_03386.png,Lemon Tart,test,name,3,0.95,Desserts,train
crops\name_03387.png,Lemon Tart,test,name,3,0.58,Desserts,train
crops\name_03388.png,Lemon Tart,val,name,12,0.65,Desserts,train
crops\name_03389.png,Lemon Tart,train,name,11,0.55,Desserts,train
crops\name_03390.png,Lemon Tart,train,name,9,0.48,Desserts,train
crops\name_03391.png,Lemon Tart,train,name,11,0.76,Desserts,train
crops\name_03392.png,Lemon Tart,train,name,0,0.84,Desserts,train
crops\name_03393.png,Lemon Tart,train,name,4,0.42,Desserts,train
crops\name_03394.png,Lemon Tart,test,name,3,0.73,Desserts,train
crops\name_03395.png,Lemon Tart,train,name,9,0.91,Desserts,train
crops\name_03396.png,Lemon Tart,test,name,3,0.57,Desserts,train
crops\name_03397.png,Lemon Tart,train,name,1,0.61,Desserts,train
crops\name_03398.png,Lemon Tart,test,name,3,0.54,Desserts,train
crops\name_03399.png,Lemon Tart,train,name,1,0.85,Desserts,train
crops\name_03400.png,Lemon Tart,test,name,10,0.95,Desserts,train
crops\name_03401.png,Lemon Tart,train,name,6,0.6,Desserts,train
crops\name_03402.png,Lemon Tart,test,name,3,0.83,Desserts,train
crops\name_03403.png,Lemon Tart,train,name,4,0.87,Desserts,train
crops\price_03404.png,4,train,price,1,0.94,Desserts,train
crops\price_03405.png,4,train,price,2,0.44,Desserts,train
crops\price_03406.png,4,val,price,7,0.63,Desserts,train
crops\price_03407.png,4,val,price,7,0.91,Desserts,train
crops\price_03408.png,4,train,price,9,0.47,Desserts,train
crops\price_03409.png,4,train,price,6,0.66,Desserts,train
crops\price_03410.png,4,train,price,0,0.64,Desserts,train
crops\price_03411.png,4,train,price,2,0.86,Desserts,train
crops\price_03412.png,4,train,price,9,0.54,Desserts,train
crops\price_03413.png,4,val,price,12,0.64,Desserts,train
crops\price_03414.png,4,train,price,6,0.58,Desserts,train
crops\price_03415.png,4,train,price,2,0.44,Desserts,train
crops\price_03416.png,4,train,price,11,0.51,Desserts,train
crops\price_03417.png,4,train,price,2,0.5,Desserts,train
crops\price_03418.png,4,train,price,11,0.45,Desserts,train
crops\price_03419.png,4,val,price,7,0.61,Desserts,train
crops\price_03420.png,4,val,price,7,0.87,Desserts,train
crops\price_03421.png,4,train,price,4,0.84,Desserts,train
crops\price_03422.png,4,val,price,7,0.89,Desserts,train
crops\price_03423.png,4,train,price,9,0.6,Desserts,train
crops\price_03424.png,4,train,price,5,0.88,Desserts,train
crops\price_03425.png,4,train,price,1,0.41,Desserts,train
crops\price_03426.png,4,test,price,3,0.83,Desserts,train
crops\name_03427.png,Panna Cotta,val,name,7,0.48,Desserts,val
crops\name_03428.png,Panna Cotta,train,name,9,0.53,Desserts,val
crops\name_03429.png,Panna Cotta,train,name,9,0.79,Desserts,val
crops\name_03430.png,Panna Cotta,train,name,9,0.57,Desserts,val
crops\name_03431.png,Panna Cotta,train,name,9,0.53,Desserts,val
crops\name_03432.png,Panna Cotta,test,name,3,0.65,Desserts,val
crops\name_03433.png,Panna Cotta,val,name,12,0.56,Desserts,val
crops\name_03434.png,Panna Cotta,train,name,4,0.48,Desserts,val
crops\name_03435.png,Panna Cotta,train,name,1,0.93,Desserts,val
crops\name_03436.png,Panna Cotta,train,name,2,0.86,Desserts,val
crops\name_03437.png,Panna Cotta,test,name,3,0.5,Desserts,val
crops\name_03438.png,Panna Cotta,test,name,3,0.84,Desserts,val
crops\name_03439.png,Panna Cotta,train,name,11,0.78,Desserts,val
crops\name_03440.png,Panna Cotta,train,name,1,0.56,Desserts,val
crops\name_03441.png,Panna Cotta,train,name,0,0.88,Desserts,val
crops\name_03442.png,Panna Cotta,test,name,10,0.88,Desserts,val
crops\name_03443.png,Panna Cotta,train,name,6,0.41,Desserts,val
crops\name_03444.png,Panna Cotta,val,name,7,0.74,Desserts,val
crops\name_03445.png,Panna Cotta,test,name,10,0.85,Desserts,val
crops\name_03446.png,Panna Cotta,val,name,7,0.67,Desserts,val
crops\name_03447.png,Panna Cotta,train,name,11,0.91,Desserts,val
crops\name_03448.png,Panna Cotta,val,name,7,0.45,Desserts,val
crops\name_03449.png,Panna Cotta,test,name,10,0.42,Desserts,val
crops\price_03450.png,3.870,test,price,10,0.93,Desserts,val
crops\price_03451.png,3.870,train,price,2,0.81,Desserts,val
crops\price_03452.png,3.870,train,price,1,0.72,Desserts,val
crops\price_03453.png,3.870,train,price,4,0.44,Desserts,val
crops\price_03454.png,3.870,train,price,0,0.86,Desserts,val
crops\price_03455.png,3.870,train,price,11,0.49,Desserts,val
crops\price_03456.png,3.870,val,price,12,0.84,Desserts,val
crops\price_03457.png,3.870,train,price,2,0.84,Desserts,val
crops\price_03458.png,3.870,train,price,9,0.73,Desserts,val
crops\price_03459.png,3.870,train,price,11,0.51,Desserts,val
crops\price_03460.png,3.870,train,price,6,0.93,Desserts,val
crops\price_03461.png,3.870,train,price,0,0.73,Desserts,val
crops\price_03462.png,3.870,train,price,4,0.86,Desserts,val
crops\price_03463.png,3.870,test,price,3,0.43,Desserts,val
crops\price_03464.png,3.870,train,price,11,0.45,Desserts,val
crops\price_03465.png,3.870,train,price,1,0.73,Desserts,val
crops\price_03466.png,3.870,train,price,6,0.55,Desserts,val
crops\price_03467.png,3.870,test,price,10,0.79,Desserts,val
crops\price_03468.png,3.870,train,price,1,0.9,Desserts,val
crops\price_03469.png,3.870,test,price,10,0.53,Desserts,val
crops\price_03470.png,3.870,test,price,10,0.53,Desserts,val
crops\price_03471.png,3.870,train,price,8,0.78,Desserts,val
crops\price_03472.png,3.870,train,price,11,0.55,Desserts,val
crops\name_03473.png,Creme Brulee,train,name,1,0.68,Desserts,train
crops\name_03474.png,Creme Brulee,train,name,5,0.62,Desserts,train
crops\name_03475.png,Creme Brulee,train,name,1,0.47,Desserts,train
crops\name_03476.png,Creme Brulee,test,name,10,0.87,Desserts,train
crops\name_03477.png,Creme Brulee,train,name,1,0.86,Desserts,train
crops\name_03478.png,Creme Brulee,train,name,1,0.51,Desserts,train
crops\name_03479.png,Creme Brulee,train,name,6,0.94,Desserts,train
crops\name_03480.png,Creme Brulee,train,name,0,0.53,Desserts,train
crops\name_03481.png,Creme Brulee,val,name,12,0.5,Desserts,train
crops\name_03482.png,Creme Brulee,test,name,3,0.53,Desserts,train
crops\name_03483.png,Creme Brulee,train,name,2,0.72,Desserts,train
crops\name_03484.png,Creme Brulee,train,name,2,0.5,Desserts,train
crops\name_03485.png,Creme Brulee,test,name,10,0.63,Desserts,train
crops\name_03486.png,Creme Brulee,train,name,0,0.8,Desserts,train
crops\name_03487.png,Creme Brulee,train,name,0,0.6,Desserts,train
crops\name_03488.png,Creme Brulee,train,name,6,0.43,Desserts,train
crops\name_03489.png,Creme Brulee,test,name,3,0.69,Desserts,train
crops\name_03490.png,Creme Brulee,test,name,3,0.69,Desserts,train
crops\name_03491.png,Creme Brulee,train,name,0,0.91,Desserts,train
crops\name_03492.png,Creme Brulee,train,name,9,0.6,Desserts,train
crops\name_03493.png,Creme Brulee,train,name,6,0.93,Desserts,train
crops\name_03494.png,Creme Brulee,train,name,9,0.55,Desserts,train
crops\name_03495.png,Creme Brulee,train,name,2,0.48,Desserts,train
crops\price_03496.png,8,train,price,6,0.74,Desserts,train
crops\price_03497.png,8,train,price,1,0.61,Desserts,train
crops\price_03498.png,8,train,price,5,0.72,Desserts,train
crops\price_03499.png,8,train,price,2,0.94,Desserts,train
crops\price_03500.png,8,train,price,5,0.45,Desserts,train
crops\price_03501.png,8,train,price,2,0.51,Desserts,train
crops\price_03502.png,8,train,price,5,0.63,Desserts,train
crops\price_03503.png,8,val,price,7,0.5,Desserts,train
crops\price_03504.png,8,train,price,6,0.42,Desserts,train
crops\price_03505.png,8,train,price,11,0.49,Desserts,train
crops\price_03506.png,8,train,price,5,0.86,Desserts,train
crops\price_03507.png,8,train,price,8,0.53,Desserts,train
crops\price_03508.png,8,val,price,7,0.77,Desserts,train
crops\price_03509.png,8,train,price,1,0.78,Desserts,train
crops\price_03510.png,8,val,price,12,0.63,Desserts,train
crops\price_03511.png,8,train,price,6,0.72,Desserts,train
crops\price_03512.png,8,train,price,5,0.47,Desserts,train
crops\price_03513.png,8,train,price,2,0.67,Desserts,train
crops\price_03514.png,8,train,price,5,0.77,Desserts,train
crops\price_03515.png,8,test,price,10,0.4,Desserts,train
crops\price_03516.png,8,train,price,11,0.73,Desserts,train
crops\price_03517.png,8,train,price,6,0.92,Desserts,train
crops\price_03518.png,8,train,price,11,0.55,Desserts,train
crops\name_03519.png,Fruit Tart,train,name,0,0.6,Desserts,train
crops\name_03520.png,Fruit Tart,train,name,6,0.85,Desserts,train
crops\name_03521.png,Fruit Tart,test,name,10,0.64,Desserts,train
crops\name_03522.png,Fruit Tart,train,name,4,0.92,Desserts,train
crops\name_03523.png,Fruit Tart,train,name,8,0.86,Desserts,train
crops\name_03524.png,Fruit Tart,train,name,0,0.85,Desserts,train
crops\name_03525.png,Fruit Tart,val,name,12,0.74,Desserts,train
crops\name_03526.png,Fruit Tart,train,name,4,0.81,Desserts,train
crops\name_03527.png,Fruit Tart,train,name,11,0.75,Desserts,train
crops\name_03528.png,Fruit Tart,train,name,4,0.63,Desserts,train
crops\name_03529.png,Fruit Tart,val,name,7,0.41,Desserts,train
crops\name_03530.png,Fruit Tart,train,name,0,0.4,Desserts,train
crops\name_03531.png,Fruit Tart,train,name,2,0.77,Desserts,train
crops\name_03532.png,Fruit Tart,test,name,3,0.59,Desserts,train
crops\name_03533.png,Fruit Tart,train,name,4,0.4,Desserts,train
crops\name_03534.png,Fruit Tart,train,name,2,0.48,Desserts,train
crops\name_03535.png,Fruit Tart,train,name,5,0.79,Desserts,train
crops\name_03536.png,Fruit Tart,train,name,8,0.54,Desserts,train
crops\name_03537.png,Fruit Tart,train,name,5,0.59,Desserts,train
crops\name_03538.png,Fruit Tart,train,name,1,0.89,Desserts,train
crops\name_03539.png,Fruit Tart,train,name,0,0.78,Desserts,train
crops\name_03540.png,Fruit Tart,train,name,0,0.51,Desserts,train
crops\name_03541.png,Fruit Tart,val,name,7,0.83,Desserts,train
crops\price_03542.png,8.57,train,price,11,0.9,Desserts,train
crops\price_03543.png,8.57,train,price,4,0.75,Desserts,train
crops\price_03544.png,8.57,test,price,10,0.93,Desserts,train
crops\price_03545.png,8.57,train,price,2,0.9,Desserts,train
crops\price_03546.png,8.57,train,price,0,0.76,Desserts,train
crops\price_03547.png,8.57,val,price,12,0.63,Desserts,train
crops\price_03548.png,8.57,train,price,5,0.66,Desserts,train
crops\price_03549.png,8.57,train,price,5,0.64,Desserts,train
crops\price_03550.png,8.57,test,price,3,0.73,Desserts,train
crops\price_03551.png,8.57,train,price,11,0.69,Desserts,train
crops\price_03552.png,8.57,test,price,10,0.69,Desserts,train
crops\price_03553.png,8.57,train,price,4,0.63,Desserts,train
crops\price_03554.png,8.57,train,price,9,0.59,Desserts,train
crops\price_03555.png,8.57,val,price,12,0.47,Desserts,train
crops\price_03556.png,8.57,val,price,7,0.68,Desserts,train
crops\price_03557.png,8.57,train,price,8,0.5,Desserts,train
crops\price_03558.png,8.57,train,price,11,0.75,Desserts,train
crops\price_03559.png,8.57,train,price,4,0.57,Desserts,train
crops\price_03560.png,8.57,train,price,5,0.77,Desserts,train
crops\price_03561.png,8.57,train,price,9,0.9,Desserts,train
crops\price_03562.png,8.57,test,price,10,0.62,Desserts,train
crops\price_03563.png,8.57,train,price,0,0.59,Desserts,train
crops\price_03564.png,8.57,train,price,11,0.55,Desserts,train
crops\name_03565.png,Kunafa,train,name,8,0.44,Desserts,train
crops\name_03566.png,Kunafa,val,name,12,0.62,Desserts,train
crops\name_03567.png,Kunafa,train,name,6,0.43,Desserts,train
crops\name_03568.png,Kunafa,train,name,4,0.94,Desserts,train
crops\name_03569.png,Kunafa,train,name,8,0.68,Desserts,train
crops\name_03570.png,Kunafa,test,name,3,0.89,Desserts,train
crops\name_03571.png,Kunafa,train,name,8,0.71,Desserts,train
crops\name_03572.png,Kunafa,train,name,1,0.82,Desserts,train
crops\name_03573.png,Kunafa,train,name,2,0.63,Desserts,train
crops\name_03574.png,Kunafa,train,name,0,0.75,Desserts,train
crops\name_03575.png,Kunafa,train,name,9,0.47,Desserts,train
crops\name_03576.png,Kunafa,train,name,0,0.53,Desserts,train
crops\name_03577.png,Kunafa,train,name,5,0.52,Desserts,train
crops\name_03578.png,Kunafa,val,name,7,0.89,Desserts,train
crops\name_03579.png,Kunafa,val,name,12,0.49,Desserts,train
crops\name_03580.png,Kunafa,train,name,0,0.68,Desserts,train
crops\name_03581.png,Kunafa,val,name,7,0.76,Desserts,train
crops\name_03582.png,Kunafa,train,name,9,0.83,Desserts,train
crops\name_03583.png,Kunafa,train,name,5,0.78,Desserts,train
crops\name_03584.png,Kunafa,val,name,12,0.55,Desserts,train
crops\name_03585.png,Kunafa,train,name,6,0.52,Desserts,train
crops\name_03586.png,Kunafa,train,name,2,0.59,Desserts,train
crops\name_03587.png,Kunafa,train,name,6,0.41,Desserts,train
crops\price_03588.png,7,test,price,3,0.66,Desserts,train
crops\price_03589.png,7,train,price,6,0.81,Desserts,train
crops\price_03590.png,7,train,price,9,0.94,Desserts,train
crops\price_03591.png,7,test,price,10,0.81,Desserts,train
crops\price_03592.png,7,val,price,7,0.89,Desserts,train
crops\price_03593.png,7,train,price,0,0.41,Desserts,train
crops\price_03594.png,7,train,price,1,0.72,Desserts,train
crops\price_03595.png,7,test,price,3,0.73,Desserts,train
crops\price_03596.png,7,train,price,4,0.65,Desserts,train
crops\price_03597.png,7,test,price,3,0.5,Desserts,train
crops\price_03598.png,7,train,price,6,0.79,Desserts,train
crops\price_03599.png,7,val,price,12,0.56,Desserts,train
crops\price_03600.png,7,train,price,2,0.66,Desserts,train
crops\price_03601.png,7,test,price,3,0.62,Desserts,train
crops\price_03602.png,7,train,price,4,0.53,Desserts,train
crops\price_03603.png,7,train,price,9,0.8,Desserts,train
crops\price_03604.png,7,train,price,8,0.55,Desserts,train
crops\price_03605.png,7,train,price,2,0.4,Desserts,train
crops\price_03606.png,7,train,price,6,0.66,Desserts,train
crops\price_03607.png,7,val,price,12,0.53,Desserts,train
crops\price_03608.png,7,test,price,10,0.54,Desserts,train
crops\price_03609.png,7,train,price,6,0.65,Desserts,train
crops\price_03610.png,7,train,price,1,0.4,Desserts,train
crops\name_03611.png,Ice Cream Scoop,train,name,5,0.78,Desserts,train
crops\name_03612.png,Ice Cream Scoop,val,name,7,0.56,Desserts,train
crops\name_03613.png,Ice Cream Scoop,train,name,11,0.94,Desserts,train
crops\name_03614.png,Ice Cream Scoop,train,name,1,0.45,Desserts,train
crops\name_03615.png,Ice Cream Scoop,train,name,9,0.58,Desserts,train
crops\name_03616.png,Ice Cream Scoop,train,name,0,0.59,Desserts,train
crops\name_03617.png,Ice Cream Scoop,train,name,1,0.43,Desserts,train
crops\name_03618.png,Ice Cream Scoop,train,name,2,0.76,Desserts,train
crops\name_03619.png,Ice Cream Scoop,train,name,6,0.51,Desserts,train
crops\name_03620.png,Ice Cream Scoop,val,name,12,0.56,Desserts,train
crops\name_03621.png,Ice Cream Scoop,train,name,2,0.78,Desserts,train
crops\name_03622.png,Ice Cream Scoop,train,name,0,0.77,Desserts,train
crops\name_03623.png,Ice Cream Scoop,train,name,11,0.74,Desserts,train
crops\name_03624.png,Ice Cream Scoop,train,name,8,0.64,Desserts,train
crops\name_03625.png,Ice Cream Scoop,train,name,2,0.51,Desserts,train
crops\name_03626.png,Ice Cream Scoop,train,name,6,0.58,Desserts,train
crops\name_03627.png,Ice Cream Scoop,train,name,5,0.74,Desserts,train
crops\name_03628.png,Ice Cream Scoop,train,name,6,0.81,Desserts,train
crops\name_03629.png,Ice Cream Scoop,train,name,4,0.63,Desserts,train
crops\name_03630.png,Ice Cream Scoop,test,name,3,0.76,Desserts,train
crops\name_03631.png,Ice Cream Scoop,test,name,3,0.94,Desserts,train
crops\name_03632.png,Ice Cream Scoop,val,name,7,0.84,Desserts,train
crops\name_03633.png,Ice Cream Scoop,train,name,2,0.87,Desserts,train
crops\price_03634.png,2.90 DT,train,price,6,0.43,Desserts,train
crops\price_03635.png,2.90 DT,train,price,1,0.54,Desserts,train
crops\price_03636.png,2.90 DT,train,price,0,0.47,Desserts,train
crops\price_03637.png,2.90 DT,train,price,4,0.79,Desserts,train
crops\price_03638.png,2.90 DT,train,price,4,0.75,Desserts,train
crops\price_03639.png,2.90 DT,train,price,0,0.57,Desserts,train
crops\price_03640.png,2.90 DT,test,price,10,0.85,Desserts,train
crops\price_03641.png,2.90 DT,train,price,11,0.61,Desserts,train
crops\price_03642.png,2.90 DT,train,price,11,0.47,Desserts,train
crops\price_03643.png,2.90 DT,val,price,12,0.67,Desserts,train
crops\price_03644.png,2.90 DT,train,price,8,0.83,Desserts,train
crops\price_03645.png,2.90 DT,train,price,0,0.55,Desserts,train
crops\price_03646.png,2.90 DT,train,price,4,0.49,Desserts,train
crops\price_03647.png,2.90 DT,val,price,12,0.57,Desserts,train
crops\price_03648.png,2.90 DT,train,price,8,0.67,Desserts,train
crops\price_03649.png,2.90 DT,train,price,9,0.94,Desserts,train
crops\price_03650.png,2.90 DT,train,price,2,0.73,Desserts,train
crops\price_03651.png,2.90 DT,train,price,0,0.85,Desserts,train
crops\price_03652.png,2.90 DT,train,price,9,0.46,Desserts,train
crops\price_03653.png,2.90 DT,test,price,3,0.51,Desserts,train
crops\price_03654.png,2.90 DT,val,price,12,0.63,Desserts,train
crops\price_03655.png,2.90 DT,val,price,12,0.73,Desserts,train
crops\price_03656.png,2.90 DT,train,price,5,0.92,Desserts,train
crops\name_03657.png,Rice Pudding,val,name,12,0.72,Desserts,train
crops\name_03658.png,Rice Pudding,train,name,11,0.53,Desserts,train
crops\name_03659.png,Rice Pudding,train,name,11,0.43,Desserts,train
crops\name_03660.png,Rice Pudding,train,name,5,0.9,Desserts,train
crops\name_03661.png,Rice Pudding,test,name,3,0.82,Desserts,train
crops\name_03662.png,Rice Pudding,train,name,1,0.75,Desserts,train
crops\name_03663.png,Rice Pudding,val,name,7,0.47,Desserts,train
crops\name_03664.png,Rice Pudding,test,name,3,0.66,Desserts,train
crops\name_03665.png,Rice Pudding,test,name,3,0.79,Desserts,train
crops\name_03666.png,Rice Pudding,train,name,4,0.87,Desserts,train
crops\name_03667.png,Rice Pudding,test,name,10,0.78,Desserts,train
crops\name_03668.png,Rice Pudding,test,name,10,0.86,Desserts,train
crops\name_03669.png,Rice Pudding,val,name,12,0.78,Desserts,train
crops\name_03670.png,Rice Pudding,train,name,8,0.41,Desserts,train
crops\name_03671.png,Rice Pudding,train,name,4,0.79,Desserts,train
crops\name_03672.png,Rice Pudding,test,name,3,0.77,Desserts,train
crops\name_03673.png,Rice Pudding,test,name,10,0.51,Desserts,train
crops\name_03674.png,Rice Pudding,train,name,0,0.73,Desserts,train
crops\name_03675.png,Rice Pudding,train,name,2,0.68,Desserts,train
crops\name_03676.png,Rice Pudding,train,name,5,0.79,Desserts,train
crops\name_03677.png,Rice Pudding,train,name,4,0.55,Desserts,train
crops\name_03678.png,Rice Pudding,val,name,12,0.45,Desserts,train
crops\name_03679.png,Rice Pudding,val,name,12,0.94,Desserts,train
crops\price_03680.png,10,train,price,8,0.55,Desserts,train
crops\price_03681.png,10,val,price,12,0.67,Desserts,train
crops\price_03682.png,10,test,price,3,0.88,Desserts,train
crops\price_03683.png,10,train,price,1,0.91,Desserts,train
crops\price_03684.png,10,val,price,12,0.6,Desserts,train
crops\price_03685.png,10,train,price,1,0.93,Desserts,train
crops\price_03686.png,10,train,price,11,0.92,Desserts,train
crops\price_03687.png,10,train,price,2,0.87,Desserts,train
crops\price_03688.png,10,test,price,10,0.5,Desserts,train
crops\price_03689.png,10,test,price,3,0.91,Desserts,train
crops\price_03690.png,10,val,price,12,0.87,Desserts,train
crops\price_03691.png,10,train,price,9,0.69,Desserts,train
crops\price_03692.png,10,train,price,9,0.73,Desserts,train
crops\price_03693.png,10,train,price,4,0.75,Desserts,train
crops\price_03694.png,10,train,price,11,0.41,Desserts,train
crops\price_03695.png,10,val,price,7,0.74,Desserts,train
crops\price_03696.png,10,val,price,7,0.7,Desserts,train
crops\price_03697.png,10,train,price,4,0.73,Desserts,train
crops\price_03698.png,10,train,price,8,0.44,Desserts,train
crops\price_03699.png,10,train,price,1,0.79,Desserts,train
crops\price_03700.png,10,train,price,1,0.75,Desserts,train
crops\price_03701.png,10,train,price,5,0.53,Desserts,train
crops\price_03702.png,10,train,price,2,0.46,Desserts,train
crops\header_03703.png,JUICES and SMOOTHIES,train,header,9,0.5,Juices & Smoothies,train
crops\header_03704.png,JUICES and SMOOTHIES,val,header,7,0.4,Juices & Smoothies,train
crops\header_03705.png,JUICES and SMOOTHIES,train,header,1,0.78,Juices & Smoothies,train
crops\header_03706.png,JUICES and SMOOTHIES,test,header,10,0.69,Juices & Smoothies,train
crops\header_03707.png,JUICES and SMOOTHIES,train,header,2,0.41,Juices & Smoothies,train
crops\header_03708.png,JUICES and SMOOTHIES,test,header,10,0.86,Juices & Smoothies,train
crops\header_03709.png,JUICES and SMOOTHIES,val,header,7,0.81,Juices & Smoothies,train
crops\header_03710.png,JUICES and SMOOTHIES,test,header,10,0.54,Juices & Smoothies,train
crops\header_03711.png,JUICES and SMOOTHIES,train,header,6,0.57,Juices & Smoothies,train
crops\header_03712.png,JUICES and SMOOTHIES,test,header,10,0.85,Juices & Smoothies,train
crops\header_03713.png,JUICES and SMOOTHIES,train,header,5,0.45,Juices & Smoothies,train
crops\header_03714.png,JUICES and SMOOTHIES,train,header,0,0.64,Juices & Smoothies,train
crops\header_03715.png,JUICES and SMOOTHIES,train,header,2,0.82,Juices & Smoothies,train
crops\header_03716.png,JUICES and SMOOTHIES,test,header,3,0.74,Juices & Smoothies,train
crops\header_03717.png,JUICES and SMOOTHIES,train,header,11,0.85,Juices & Smoothies,train
crops\header_03718.png,JUICES and SMOOTHIES,train,header,6,0.79,Juices & Smoothies,train
crops\header_03719.png,JUICES and SMOOTHIES,train,header,6,0.43,Juices & Smoothies,train
crops\header_03720.png,JUICES and SMOOTHIES,train,header,8,0.94,Juices & Smoothies,train
crops\header_03721.png,JUICES and SMOOTHIES,val,header,12,0.76,Juices & Smoothies,train
crops\header_03722.png,JUICES and SMOOTHIES,test,header,3,0.71,Juices & Smoothies,train
crops\header_03723.png,JUICES and SMOOTHIES,train,header,4,0.43,Juices & Smoothies,train
crops\header_03724.png,JUICES and SMOOTHIES,train,header,4,0.47,Juices & Smoothies,train
crops\header_03725.png,JUICES and SMOOTHIES,val,header,7,0.91,Juices & Smoothies,train
crops\name_03726.png,Orange Juice,train,name,2,0.79,Juices & Smoothies,train
crops\name_03727.png,Orange Juice,val,name,12,0.95,Juices & Smoothies,train
crops\name_03728.png,Orange Juice,train,name,4,0.71,Juices & Smoothies,train
crops\name_03729.png,Orange Juice,val,name,7,0.91,Juices & Smoothies,train
crops\name_03730.png,Orange Juice,train,name,6,0.56,Juices & Smoothies,train
crops\name_03731.png,Orange Juice,val,name,7,0.67,Juices & Smoothies,train
crops\name_03732.png,Orange Juice,val,name,12,0.61,Juices & Smoothies,train
crops\name_03733.png,Orange Juice,train,name,2,0.84,Juices & Smoothies,train
crops\name_03734.png,Orange Juice,train,name,1,0.63,Juices & Smoothies,train
crops\name_03735.png,Orange Juice,test,name,10,0.93,Juices & Smoothies,train
crops\name_03736.png,Orange Juice,test,name,10,0.89,Juices & Smoothies,train
crops\name_03737.png,Orange Juice,train,name,4,0.67,Juices & Smoothies,train
crops\name_03738.png,Orange Juice,train,name,8,0.55,Juices & Smoothies,train
crops\name_03739.png,Orange Juice,train,name,4,0.94,Juices & Smoothies,train
crops\name_03740.png,Orange Juice,train,name,6,0.57,Juices & Smoothies,train
crops\name_03741.png,Orange Juice,train,name,2,0.6,Juices & Smoothies,train
crops\name_03742.png,Orange Juice,val,name,7,0.81,Juices & Smoothies,train
crops\name_03743.png,Orange Juice,train,name,5,0.6,Juices & Smoothies,train
crops\name_03744.png,Orange Juice,train,name,6,0.66,Juices & Smoothies,train
crops\name_03745.png,Orange Juice,train,name,6,0.45,Juices & Smoothies,train
crops\name_03746.png,Orange Juice,train,name,6,0.64,Juices & Smoothies,train
crops\name_03747.png,Orange Juice,val,name,7,0.59,Juices & Smoothies,train
crops\name_03748.png,Orange Juice,train,name,5,0.48,Juices & Smoothies,train
crops\price_03749.png,10.77,val,price,12,0.58,Juices & Smoothies,train
crops\price_03750.png,10.77,train,price,8,0.91,Juices & Smoothies,train
crops\price_03751.png,10.77,val,price,12,0.68,Juices & Smoothies,train
crops\price_03752.png,10.77,test,price,10,0.55,Juices & Smoothies,train
crops\price_03753.png,10.77,train,price,0,0.48,Juices & Smoothies,train
crops\price_03754.png,10.77,val,price,7,0.48,Juices & Smoothies,train
crops\price_03755.png,10.77,train,price,6,0.5,Juices & Smoothies,train
crops\price_03756.png,10.77,train,price,5,0.9,Juices & Smoothies,train
crops\price_03757.png,10.77,train,price,2,0.84,Juices & Smoothies,train
crops\price_03758.png,10.77,train,price,0,0.43,Juices & Smoothies,train
crops\price_03759.png,10.77,train,price,1,0.71,Juices & Smoothies,train
crops\price_03760.png,10.77,train,price,8,0.72,Juices & Smoothies,train
crops\price_03761.png,10.77,train,price,4,0.63,Juices & Smoothies,train
crops\price_03762.png,10.77,train,price,8,0.7,Juices & Smoothies,train
crops\price_03763.png,10.77,train,price,5,0.76,Juices & Smoothies,train
crops\price_03764.png,10.77,train,price,8,0.58,Juices & Smoothies,train
crops\price_03765.png,10.77,train,price,9,0.84,Juices & Smoothies,train
crops\price_03766.png,10.77,train,price,9,0.53,Juices & Smoothies,train
crops\price_03767.png,10.77,test,price,10,0.53,Juices & Smoothies,train
crops\price_03768.png,10.77,train,price,0,0.74,Juices & Smoothies,train
crops\price_03769.png,10.77,test,price,3,0.81,Juices & Smoothies,train
crops\price_03770.png,10.77,train,price,8,0.9,Juices & Smoothies,train
crops\price_03771.png,10.77,train,price,2,0.6,Juices & Smoothies,train
crops\name_03772.png,Lemon Mint,test,name,10,0.56,Juices & Smoothies,train
crops\name_03773.png,Lemon Mint,train,name,6,0.91,Juices & Smoothies,train
crops\name_03774.png,Lemon Mint,train,name,6,0.57,Juices & Smoothies,train
crops\name_03775.png,Lemon Mint,train,name,8,0.47,Juices & Smoothies,train
crops\name_03776.png,Lemon Mint,train,name,8,0.77,Juices & Smoothies,train
crops\name_03777.png,Lemon Mint,train,name,9,0.64,Juices & Smoothies,train
crops\name_03778.png,Lemon Mint,train,name,1,0.43,Juices & Smoothies,train
crops\name_03779.png,Lemon Mint,train,name,11,0.4,Juices & Smoothies,train
crops\name_03780.png,Lemon Mint,val,name,7,0.48,Juices & Smoothies,train
crops\name_03781.png,Lemon Mint,train,name,8,0.43,Juices & Smoothies,train
crops\name_03782.png,Lemon Mint,train,name,0,0.86,Juices & Smoothies,train
crops\name_03783.png,Lemon Mint,train,name,4,0.48,Juices & Smoothies,train
crops\name_03784.png,Lemon Mint,train,name,5,0.87,Juices & Smoothies,train
crops\name_03785.png,Lemon Mint,test,name,3,0.62,Juices & Smoothies,train
crops\name_03786.png,Lemon Mint,train,name,1,0.44,Juices & Smoothies,train
crops\name_03787.png,Lemon Mint,train,name,0,0.81,Juices & Smoothies,train
crops\name_03788.png,Lemon Mint,test,name,3,0.49,Juices & Smoothies,train
crops\name_03789.png,Lemon Mint,train,name,0,0.41,Juices & Smoothies,train
crops\name_03790.png,Lemon Mint,train,name,0,0.44,Juices & Smoothies,train
crops\name_03791.png,Lemon Mint,train,name,6,0.63,Juices & Smoothies,train
crops\name_03792.png,Lemon Mint,train,name,6,0.4,Juices & Smoothies,train
crops\name_03793.png,Lemon Mint,train,name,5,0.58,Juices & Smoothies,train
crops\name_03794.png,Lemon Mint,train,name,8,0.6,Juices & Smoothies,train
crops\price_03795.png,11.23,train,price,9,0.53,Juices & Smoothies,train
crops\price_03796.png,11.23,train,price,5,0.56,Juices & Smoothies,train
crops\price_03797.png,11.23,train,price,11,0.88,Juices & Smoothies,train
crops\price_03798.png,11.23,train,price,5,0.69,Juices & Smoothies,train
crops\price_03799.png,11.23,train,price,8,0.63,Juices & Smoothies,train
crops\price_03800.png,11.23,train,price,0,0.9,Juices & Smoothies,train
crops\price_03801.png,11.23,val,price,7,0.54,Juices & Smoothies,train
crops\price_03802.png,11.23,train,price,11,0.86,Juices & Smoothies,train
crops\price_03803.png,11.23,train,price,0,0.76,Juices & Smoothies,train
crops\price_03804.png,11.23,train,price,1,0.5,Juices & Smoothies,train
crops\price_03805.png,11.23,val,price,7,0.71,Juices & Smoothies,train
crops\price_03806.png,11.23,train,price,0,0.53,Juices & Smoothies,train
crops\price_03807.png,11.23,val,price,12,0.53,Juices & Smoothies,train
crops\price_03808.png,11.23,val,price,7,0.51,Juices & Smoothies,train
crops\price_03809.png,11.23,train,price,0,0.58,Juices & Smoothies,train
crops\price_03810.png,11.23,train,price,11,0.84,Juices & Smoothies,train
crops\price_03811.png,11.23,train,price,4,0.44,Juices & Smoothies,train
crops\price_03812.png,11.23,train,price,6,0.69,Juices & Smoothies,train
crops\price_03813.png,11.23,test,price,10,0.71,Juices & Smoothies,train
crops\price_03814.png,11.23,train,price,8,0.61,Juices & Smoothies,train
crops\price_03815.png,11.23,train,price,5,0.76,Juices & Smoothies,train
crops\price_03816.png,11.23,train,price,5,0.44,Juices & Smoothies,train
crops\price_03817.png,11.23,val,price,7,0.52,Juices & Smoothies,train
crops\name_03818.png,Mango Smoothie,train,name,8,0.85,Juices & Smoothies,train
crops\name_03819.png,Mango Smoothie,train,name,4,0.76,Juices & Smoothies,train
crops\name_03820.png,Mango Smoothie,train,name,11,0.65,Juices & Smoothies,train
crops\name_03821.png,Mango Smoothie,val,name,12,0.85,Juices & Smoothies,train
crops\name_03822.png,Mango Smoothie,train,name,6,0.46,Juices & Smoothies,train
crops\name_03823.png,Mango Smoothie,val,name,12,0.61,Juices & Smoothies,train
crops\name_03824.png,Mango Smoothie,test,name,3,0.85,Juices & Smoothies,train
crops\name_03825.png,Mango Smoothie,val,name,7,0.93,Juices & Smoothies,train
crops\name_03826.png,Mango Smoothie,train,name,11,0.42,Juices & Smoothies,train
crops\name_03827.png,Mango Smoothie,train,name,6,0.73,Juices & Smoothies,train
crops\name_03828.png,Mango Smoothie,test,name,10,0.45,Juices & Smoothies,train
crops\name_03829.png,Mango Smoothie,test,name,10,0.4,Juices & Smoothies,train
crops\name_03830.png,Mango Smoothie,train,name,11,0.76,Juices & Smoothies,train
crops\name_03831.png,Mango Smoothie,train,name,6,0.95,Juices & Smoothies,train
crops\name_03832.png,Mango Smoothie,test,name,10,0.47,Juices & Smoothies,train
crops\name_03833.png,Mango Smoothie,train,name,9,0.82,Juices & Smoothies,train
crops\name_03834.png,Mango Smoothie,train,name,4,0.7,Juices & Smoothies,train
crops\name_03835.png,Mango Smoothie,val,name,7,0.44,Juices & Smoothies,train
crops\name_03836.png,Mango Smoothie,test,name,10,0.77,Juices & Smoothies,train
crops\name_03837.png,Mango Smoothie,train,name,4,0.83,Juices & Smoothies,train
crops\name_03838.png,Mango Smoothie,train,name,6,0.73,Juices & Smoothies,train
crops\name_03839.png,Mango Smoothie,train,name,8,0.76,Juices & Smoothies,train
crops\name_03840.png,Mango Smoothie,train,name,1,0.67,Juices & Smoothies,train
crops\price_03841.png,10.42,train,price,11,0.47,Juices & Smoothies,train
crops\price_03842.png,10.42,test,price,10,0.78,Juices & Smoothies,train
crops\price_03843.png,10.42,val,price,12,0.91,Juices & Smoothies,train
crops\price_03844.png,10.42,train,price,4,0.82,Juices & Smoothies,train
crops\price_03845.png,10.42,train,price,5,0.76,Juices & Smoothies,train
crops\price_03846.png,10.42,train,price,1,0.5,Juices & Smoothies,train
crops\price_03847.png,10.42,test,price,3,0.84,Juices & Smoothies,train
crops\price_03848.png,10.42,val,price,12,0.69,Juices & Smoothies,train
crops\price_03849.png,10.42,train,price,4,0.79,Juices & Smoothies,train
crops\price_03850.png,10.42,train,price,6,0.92,Juices & Smoothies,train
crops\price_03851.png,10.42,train,price,1,0.92,Juices & Smoothies,train
crops\price_03852.png,10.42,train,price,8,0.93,Juices & Smoothies,train
crops\price_03853.png,10.42,train,price,5,0.65,Juices & Smoothies,train
crops\price_03854.png,10.42,train,price,8,0.53,Juices & Smoothies,train
crops\price_03855.png,10.42,train,price,8,0.77,Juices & Smoothies,train
crops\price_03856.png,10.42,test,price,3,0.52,Juices & Smoothies,train
crops\price_03857.png,10.42,train,price,9,0.61,Juices & Smoothies,train
crops\price_03858.png,10.42,val,price,12,0.58,Juices & Smoothies,train
crops\price_03859.png,10.42,train,price,9,0.52,Juices & Smoothies,train
crops\price_03860.png,10.42,train,price,8,0.9,Juices & Smoothies,train
crops\price_03861.png,10.42,test,price,3,0.88,Juices & Smoothies,train
crops\price_03862.png,10.42,train,price,1,0.59,Juices & Smoothies,train
crops\price_03863.png,10.42,val,price,7,0.65,Juices & Smoothies,train
crops\name_03864.png,Strawberry Smoothie,val,name,12,0.61,Juices & Smoothies,train
crops\name_03865.png,Strawberry Smoothie,val,name,7,0.89,Juices & Smoothies,train
crops\name_03866.png,Strawberry Smoothie,train,name,9,0.55,Juices & Smoothies,train
crops\name_03867.png,Strawberry Smoothie,train,name,8,0.49,Juices & Smoothies,train
crops\name_03868.png,Strawberry Smoothie,train,name,8,0.92,Juices & Smoothies,train
crops\name_03869.png,Strawberry Smoothie,train,name,11,0.49,Juices & Smoothies,train
crops\name_03870.png,Strawberry Smoothie,train,name,1,0.69,Juices & Smoothies,train
crops\name_03871.png,Strawberry Smoothie,train,name,5,0.84,Juices & Smoothies,train
crops\name_03872.png,Strawberry Smoothie,train,name,6,0.57,Juices & Smoothies,train
crops\name_03873.png,Strawberry Smoothie,train,name,11,0.89,Juices & Smoothies,train
crops\name_03874.png,Strawberry Smoothie,train,name,2,0.61,Juices & Smoothies,train
crops\name_03875.png,Strawberry Smoothie,test,name,3,0.48,Juices & Smoothies,train
crops\name_03876.png,Strawberry Smoothie,val,name,12,0.67,Juices & Smoothies,train
crops\name_03877.png,Strawberry Smoothie,train,name,11,0.54,Juices & Smoothies,train
crops\name_03878.png,Strawberry Smoothie,train,name,6,0.76,Juices & Smoothies,train
crops\name_03879.png,Strawberry Smoothie,train,name,8,0.75,Juices & Smoothies,train
crops\name_03880.png,Strawberry Smoothie,train,name,4,0.67,Juices & Smoothies,train
crops\name_03881.png,Strawberry Smoothie,train,name,1,0.89,Juices & Smoothies,train
crops\name_03882.png,Strawberry Smoothie,train,name,9,0.76,Juices & Smoothies,train
crops\name_03883.png,Strawberry Smoothie,val,name,12,0.42,Juices & Smoothies,train
crops\name_03884.png,Strawberry Smoothie,train,name,0,0.94,Juices & Smoothies,train
crops\name_03885.png,Strawberry Smoothie,train,name,1,0.51,Juices & Smoothies,train
crops\name_03886.png,Strawberry Smoothie,train,name,1,0.79,Juices & Smoothies,train
crops\price_03887.png,10.98,train,price,2,0.81,Juices & Smoothies,train
crops\price_03888.png,10.98,val,price,7,0.76,Juices & Smoothies,train
crops\price_03889.png,10.98,val,price,7,0.83,Juices & Smoothies,train
crops\price_03890.png,10.98,train,price,9,0.83,Juices & Smoothies,train
crops\price_03891.png,10.98,train,price,4,0.72,Juices & Smoothies,train
crops\price_03892.png,10.98,train,price,0,0.73,Juices & Smoothies,train
crops\price_03893.png,10.98,train,price,4,0.48,Juices & Smoothies,train
crops\price_03894.png,10.98,train,price,2,0.82,Juices & Smoothies,train
crops\price_03895.png,10.98,train,price,0,0.57,Juices & Smoothies,train
crops\price_03896.png,10.98,train,price,2,0.68,Juices & Smoothies,train
crops\price_03897.png,10.98,train,price,6,0.68,Juices & Smoothies,train
crops\price_03898.png,10.98,train,price,11,0.4,Juices & Smoothies,train
crops\price_03899.png,10.98,train,price,11,0.95,Juices & Smoothies,train
crops\price_03900.png,10.98,train,price,5,0.49,Juices & Smoothies,train
crops\price_03901.png,10.98,test,price,3,0.51,Juices & Smoothies,train
crops\price_03902.png,10.98,train,price,0,0.51,Juices & Smoothies,train
crops\price_03903.png,10.98,val,price,12,0.6,Juices & Smoothies,train
crops\price_03904.png,10.98,val,price,7,0.88,Juices & Smoothies,train
crops\price_03905.png,10.98,test,price,3,0.77,Juices & Smoothies,train
crops\price_03906.png,10.98,test,price,3,0.52,Juices & Smoothies,train
crops\price_03907.png,10.98,test,price,10,0.89,Juices & Smoothies,train
crops\price_03908.png,10.98,val,price,12,0.7,Juices & Smoothies,train
crops\price_03909.png,10.98,val,price,7,0.59,Juices & Smoothies,train
crops\name_03910.png,Green Detox,train,name,9,0.57,Juices & Smoothies,val
crops\name_03911.png,Green Detox,val,name,12,0.7,Juices & Smoothies,val
crops\name_03912.png,Green Detox,train,name,1,0.9,Juices & Smoothies,val
crops\name_03913.png,Green Detox,train,name,11,0.9,Juices & Smoothies,val
crops\name_03914.png,Green Detox,train,name,0,0.64,Juices & Smoothies,val
crops\name_03915.png,Green Detox,train,name,8,0.87,Juices & Smoothies,val
crops\name_03916.png,Green Detox,train,name,5,0.45,Juices & Smoothies,val
crops\name_03917.png,Green Detox,train,name,2,0.78,Juices & Smoothies,val
crops\name_03918.png,Green Detox,train,name,1,0.65,Juices & Smoothies,val
crops\name_03919.png,Green Detox,train,name,9,0.53,Juices & Smoothies,val
crops\name_03920.png,Green Detox,test,name,10,0.41,Juices & Smoothies,val
crops\name_03921.png,Green Detox,train,name,6,0.65,Juices & Smoothies,val
crops\name_03922.png,Green Detox,val,name,7,0.82,Juices & Smoothies,val
crops\name_03923.png,Green Detox,test,name,10,0.81,Juices & Smoothies,val
crops\name_03924.png,Green Detox,test,name,3,0.57,Juices & Smoothies,val
crops\name_03925.png,Green Detox,train,name,1,0.46,Juices & Smoothies,val
crops\name_03926.png,Green Detox,train,name,1,0.64,Juices & Smoothies,val
crops\name_03927.png,Green Detox,train,name,9,0.74,Juices & Smoothies,val
crops\name_03928.png,Green Detox,train,name,8,0.43,Juices & Smoothies,val
crops\name_03929.png,Green Detox,train,name,1,0.79,Juices & Smoothies,val
crops\name_03930.png,Green Detox,train,name,4,0.43,Juices & Smoothies,val
crops\name_03931.png,Green Detox,test,name,3,0.7,Juices & Smoothies,val
crops\name_03932.png,Green Detox,test,name,3,0.68,Juices & Smoothies,val
crops\price_03933.png,"11,23",train,price,8,0.41,Juices & Smoothies,val
crops\price_03934.png,"11,23",train,price,1,0.47,Juices & Smoothies,val
crops\price_03935.png,"11,23",train,price,0,0.91,Juices & Smoothies,val
crops\price_03936.png,"11,23",train,price,1,0.91,Juices & Smoothies,val
crops\price_03937.png,"11,23",train,price,9,0.94,Juices & Smoothies,val
crops\price_03938.png,"11,23",train,price,1,0.84,Juices & Smoothies,val
crops\price_03939.png,"11,23",train,price,11,0.81,Juices & Smoothies,val
crops\price_03940.png,"11,23",train,price,1,0.6,Juices & Smoothies,val
crops\price_03941.png,"11,23",train,price,6,0.9,Juices & Smoothies,val
crops\price_03942.png,"11,23",train,price,1,0.55,Juices & Smoothies,val
crops\price_03943.png,"11,23",train,price,1,0.45,Juices & Smoothies,val
crops\price_03944.png,"11,23",train,price,5,0.48,Juices & Smoothies,val
crops\price_03945.png,"11,23",train,price,5,0.93,Juices & Smoothies,val
crops\price_03946.png,"11,23",train,price,8,0.63,Juices & Smoothies,val
crops\price_03947.png,"11,23",test,price,3,0.47,Juices & Smoothies,val
crops\price_03948.png,"11,23",val,price,12,0.45,Juices & Smoothies,val
crops\price_03949.png,"11,23",train,price,11,0.66,Juices & Smoothies,val
crops\price_03950.png,"11,23",val,price,12,0.58,Juices & Smoothies,val
crops\price_03951.png,"11,23",train,price,2,0.79,Juices & Smoothies,val
crops\price_03952.png,"11,23",train,price,4,0.68,Juices & Smoothies,val
crops\price_03953.png,"11,23",train,price,6,0.59,Juices & Smoothies,val
crops\price_03954.png,"11,23",train,price,1,0.62,Juices & Smoothies,val
crops\price_03955.png,"11,23",train,price,0,0.48,Juices & Smoothies,val
crops\name_03956.png,Watermelon Juice,train,name,1,0.69,Juices & Smoothies,train
crops\name_03957.png,Watermelon Juice,train,name,4,0.7,Juices & Smoothies,train
crops\name_03958.png,Watermelon Juice,train,name,6,0.65,Juices & Smoothies,train
crops\name_03959.png,Watermelon Juice,val,name,12,0.67,Juices & Smoothies,train
crops\name_03960.png,Watermelon Juice,train,name,2,0.68,Juices & Smoothies,train
crops\name_03961.png,Watermelon Juice,train,name,1,0.42,Juices & Smoothies,train
crops\name_03962.png,Watermelon Juice,train,name,4,0.95,Juices & Smoothies,train
crops\name_03963.png,Watermelon Juice,val,name,12,0.67,Juices & Smoothies,train
crops\name_03964.png,Watermelon Juice,train,name,6,0.41,Juices & Smoothies,train
crops\name_03965.png,Watermelon Juice,val,name,12,0.74,Juices & Smoothies,train
crops\name_03966.png,Watermelon Juice,train,name,4,0.76,Juices & Smoothies,train
crops\name_03967.png,Watermelon Juice,test,name,3,0.77,Juices & Smoothies,train
crops\name_03968.png,Watermelon Juice,train,name,5,0.84,Juices & Smoothies,train
crops\name_03969.png,Watermelon Juice,train,name,4,0.43,Juices & Smoothies,train
crops\name_03970.png,Watermelon Juice,train,name,2,0.78,Juices & Smoothies,train
crops\name_03971.png,Watermelon Juice,train,name,0,0.9,Juices & Smoothies,train
crops\name_03972.png,Watermelon Juice,train,name,4,0.82,Juices & Smoothies,train
crops\name_03973.png,Watermelon Juice,train,name,5,0.87,Juices & Smoothies,train
crops\name_03974.png,Watermelon Juice,train,name,5,0.83,Juices & Smoothies,train
crops\name_03975.png,Watermelon Juice,train,name,4,0.82,Juices & Smoothies,train
crops\name_03976.png,Watermelon Juice,train,name,9,0.8,Juices & Smoothies,train
crops\name_03977.png,Watermelon Juice,train,name,5,0.92,Juices & Smoothies,train
crops\name_03978.png,Watermelon Juice,train,name,8,0.54,Juices & Smoothies,train
crops\price_03979.png,7,train,price,8,0.52,Juices & Smoothies,train
crops\price_03980.png,7,train,price,6,0.7,Juices & Smoothies,train
crops\price_03981.png,7,val,price,7,0.65,Juices & Smoothies,train
crops\price_03982.png,7,train,price,9,0.52,Juices & Smoothies,train
crops\price_03983.png,7,train,price,5,0.48,Juices & Smoothies,train
crops\price_03984.png,7,train,price,2,0.72,Juices & Smoothies,train
crops\price_03985.png,7,val,price,12,0.41,Juices & Smoothies,train
crops\price_03986.png,7,train,price,11,0.55,Juices & Smoothies,train
crops\price_03987.png,7,train,price,5,0.44,Juices & Smoothies,train
crops\price_03988.png,7,train,price,8,0.8,Juices & Smoothies,train
crops\price_03989.png,7,val,price,12,0.8,Juices & Smoothies,train
crops\price_03990.png,7,train,price,6,0.54,Juices & Smoothies,train
crops\price_03991.png,7,train,price,0,0.78,Juices & Smoothies,train
crops\price_03992.png,7,train,price,4,0.52,Juices & Smoothies,train
crops\price_03993.png,7,train,price,2,0.5,Juices & Smoothies,train
crops\price_03994.png,7,train,price,9,0.76,Juices & Smoothies,train
crops\price_03995.png,7,train,price,5,0.67,Juices & Smoothies,train
crops\price_03996.png,7,test,price,3,0.71,Juices & Smoothies,train
crops\price_03997.png,7,train,price,5,0.75,Juices & Smoothies,train
crops\price_03998.png,7,val,price,12,0.73,Juices & Smoothies,train
crops\price_03999.png,7,train,price,6,0.89,Juices & Smoothies,train
crops\price_04000.png,7,train,price,4,0.73,Juices & Smoothies,train
crops\price_04001.png,7,train,price,9,0.72,Juices & Smoothies,train
crops\name_04002.png,Avocado Smoothie,train,name,2,0.51,Juices & Smoothies,train
crops\name_04003.png,Avocado Smoothie,test,name,10,0.82,Juices & Smoothies,train
crops\name_04004.png,Avocado Smoothie,train,name,5,0.81,Juices & Smoothies,train
crops\name_04005.png,Avocado Smoothie,train,name,0,0.52,Juices & Smoothies,train
crops\name_04006.png,Avocado Smoothie,test,name,3,0.73,Juices & Smoothies,train
crops\name_04007.png,Avocado Smoothie,train,name,2,0.45,Juices & Smoothies,train
crops\name_04008.png,Avocado Smoothie,train,name,8,0.84,Juices & Smoothies,train
crops\name_04009.png,Avocado Smoothie,train,name,9,0.8,Juices & Smoothies,train
crops\name_04010.png,Avocado Smoothie,train,name,0,0.58,Juices & Smoothies,train
crops\name_04011.png,Avocado Smoothie,test,name,3,0.83,Juices & Smoothies,train
crops\name_04012.png,Avocado Smoothie,train,name,1,0.55,Juices & Smoothies,train
crops\name_04013.png,Avocado Smoothie,train,name,6,0.53,Juices & Smoothies,train
crops\name_04014.png,Avocado Smoothie,val,name,7,0.44,Juices & Smoothies,train
crops\name_04015.png,Avocado Smoothie,test,name,10,0.8,Juices & Smoothies,train
crops\name_04016.png,Avocado Smoothie,test,name,3,0.68,Juices & Smoothies,train
crops\name_04017.png,Avocado Smoothie,test,name,3,0.69,Juices & Smoothies,train
crops\name_04018.png,Avocado Smoothie,train,name,5,0.44,Juices & Smoothies,train
crops\name_04019.png,Avocado Smoothie,val,name,7,0.51,Juices & Smoothies,train
crops\name_04020.png,Avocado Smoothie,val,name,7,0.66,Juices & Smoothies,train
crops\name_04021.png,Avocado Smoothie,train,name,8,0.57,Juices & Smoothies,train
crops\name_04022.png,Avocado Smoothie,train,name,1,0.73,Juices & Smoothies,train
crops\name_04023.png,Avocado Smoothie,test,name,10,0.45,Juices & Smoothies,train
crops\name_04024.png,Avocado Smoothie,train,name,5,0.93,Juices & Smoothies,train
crops\price_04025.png,5.910 dt,train,price,8,0.67,Juices & Smoothies,train
crops\price_04026.png,5.910 dt,val,price,7,0.9,Juices & Smoothies,train
crops\price_04027.png,5.910 dt,train,price,8,0.6,Juices & Smoothies,train
crops\price_04028.png,5.910 dt,train,price,1,0.54,Juices & Smoothies,train
crops\price_04029.png,5.910 dt,train,price,2,0.76,Juices & Smoothies,train
crops\price_04030.png,5.910 dt,train,price,8,0.51,Juices & Smoothies,train
crops\price_04031.png,5.910 dt,val,price,7,0.92,Juices & Smoothies,train
crops\price_04032.png,5.910 dt,train,price,1,0.66,Juices & Smoothies,train
crops\price_04033.png,5.910 dt,val,price,12,0.78,Juices & Smoothies,train
crops\price_04034.png,5.910 dt,train,price,0,0.71,Juices & Smoothies,train
crops\price_04035.png,5.910 dt,train,price,4,0.46,Juices & Smoothies,train
crops\price_04036.png,5.910 dt,train,price,9,0.68,Juices & Smoothies,train
crops\price_04037.png,5.910 dt,test,price,3,0.56,Juices & Smoothies,train
crops\price_04038.png,5.910 dt,train,price,5,0.7,Juices & Smoothies,train
crops\price_04039.png,5.910 dt,test,price,3,0.78,Juices & Smoothies,train
crops\price_04040.png,5.910 dt,val,price,7,0.79,Juices & Smoothies,train
crops\price_04041.png,5.910 dt,test,price,10,0.93,Juices & Smoothies,train
crops\price_04042.png,5.910 dt,train,price,6,0.54,Juices & Smoothies,train
crops\price_04043.png,5.910 dt,train,price,11,0.6,Juices & Smoothies,train
crops\price_04044.png,5.910 dt,train,price,4,0.56,Juices & Smoothies,train
crops\price_04045.png,5.910 dt,test,price,3,0.81,Juices & Smoothies,train
crops\price_04046.png,5.910 dt,val,price,7,0.58,Juices & Smoothies,train
crops\price_04047.png,5.910 dt,val,price,12,0.41,Juices & Smoothies,train
crops\name_04048.png,Carrot Ginger,val,name,7,0.53,Juices & Smoothies,train
crops\name_04049.png,Carrot Ginger,train,name,5,0.85,Juices & Smoothies,train
crops\name_04050.png,Carrot Ginger,train,name,2,0.7,Juices & Smoothies,train
crops\name_04051.png,Carrot Ginger,val,name,12,0.46,Juices & Smoothies,train
crops\name_04052.png,Carrot Ginger,train,name,2,0.54,Juices & Smoothies,train
crops\name_04053.png,Carrot Ginger,train,name,11,0.45,Juices & Smoothies,train
crops\name_04054.png,Carrot Ginger,train,name,1,0.67,Juices & Smoothies,train
crops\name_04055.png,Carrot Ginger,train,name,5,0.81,Juices & Smoothies,train
crops\name_04056.png,Carrot Ginger,train,name,4,0.43,Juices & Smoothies,train
crops\name_04057.png,Carrot Ginger,train,name,1,0.86,Juices & Smoothies,train
crops\name_04058.png,Carrot Ginger,train,name,0,0.43,Juices & Smoothies,train
crops\name_04059.png,Carrot Ginger,train,name,11,0.79,Juices & Smoothies,train
crops\name_04060.png,Carrot Ginger,train,name,2,0.54,Juices & Smoothies,train
crops\name_04061.png,Carrot Ginger,train,name,2,0.74,Juices & Smoothies,train
crops\name_04062.png,Carrot Ginger,train,name,2,0.94,Juices & Smoothies,train
crops\name_04063.png,Carrot Ginger,train,name,8,0.51,Juices & Smoothies,train
crops\name_04064.png,Carrot Ginger,val,name,7,0.88,Juices & Smoothies,train
crops\name_04065.png,Carrot Ginger,train,name,4,0.8,Juices & Smoothies,train
crops\name_04066.png,Carrot Ginger,train,name,6,0.87,Juices & Smoothies,train
crops\name_04067.png,Carrot Ginger,test,name,10,0.79,Juices & Smoothies,train
crops\name_04068.png,Carrot Ginger,train,name,2,0.77,Juices & Smoothies,train
crops\name_04069.png,Carrot Ginger,train,name,11,0.65,Juices & Smoothies,train
crops\name_04070.png,Carrot Ginger,train,name,5,0.49,Juices & Smoothies,train
crops\price_04071.png,9.05 dt,train,price,4,0.47,Juices & Smoothies,train
crops\price_04072.png,9.05 dt,train,price,2,0.76,Juices & Smoothies,train
crops\price_04073.png,9.05 dt,test,price,3,0.86,Juices & Smoothies,train
crops\price_04074.png,9.05 dt,val,price,7,0.8,Juices & Smoothies,train
crops\price_04075.png,9.05 dt,train,price,5,0.6,Juices & Smoothies,train
crops\price_04076.png,9.05 dt,test,price,10,0.52,Juices & Smoothies,train
crops\price_04077.png,9.05 dt,test,price,3,0.52,Juices & Smoothies,train
crops\price_04078.png,9.05 dt,train,price,0,0.43,Juices & Smoothies,train
crops\price_04079.png,9.05 dt,test,price,3,0.46,Juices & Smoothies,train
crops\price_04080.png,9.05 dt,val,price,12,0.77,Juices & Smoothies,train
crops\price_04081.png,9.05 dt,train,price,8,0.46,Juices & Smoothies,train
crops\price_04082.png,9.05 dt,train,price,6,0.58,Juices & Smoothies,train
crops\price_04083.png,9.05 dt,train,price,9,0.7,Juices & Smoothies,train
crops\price_04084.png,9.05 dt,test,price,3,0.66,Juices & Smoothies,train
crops\price_04085.png,9.05 dt,train,price,9,0.73,Juices & Smoothies,train
crops\price_04086.png,9.05 dt,train,price,2,0.79,Juices & Smoothies,train
crops\price_04087.png,9.05 dt,train,price,4,0.63,Juices & Smoothies,train
crops\price_04088.png,9.05 dt,train,price,4,0.69,Juices & Smoothies,train
crops\price_04089.png,9.05 dt,train,price,0,0.88,Juices & Smoothies,train
crops\price_04090.png,9.05 dt,train,price,0,0.93,Juices & Smoothies,train
crops\price_04091.png,9.05 dt,train,price,2,0.9,Juices & Smoothies,train
crops\price_04092.png,9.05 dt,train,price,8,0.69,Juices & Smoothies,train
crops\price_04093.png,9.05 dt,train,price,5,0.7,Juices & Smoothies,train
crops\header_04094.png,SOFT DRINKS,train,header,11,0.78,Soft Drinks,train
crops\header_04095.png,SOFT DRINKS,val,header,12,0.54,Soft Drinks,train
crops\header_04096.png,SOFT DRINKS,val,header,7,0.65,Soft Drinks,train
crops\header_04097.png,SOFT DRINKS,test,header,3,0.49,Soft Drinks,train
crops\header_04098.png,SOFT DRINKS,val,header,7,0.76,Soft Drinks,train
crops\header_04099.png,SOFT DRINKS,train,header,11,0.44,Soft Drinks,train
crops\header_04100.png,SOFT DRINKS,train,header,9,0.94,Soft Drinks,train
crops\header_04101.png,SOFT DRINKS,train,header,0,0.42,Soft Drinks,train
crops\header_04102.png,SOFT DRINKS,train,header,11,0.43,Soft Drinks,train
crops\header_04103.png,SOFT DRINKS,train,header,0,0.47,Soft Drinks,train
crops\header_04104.png,SOFT DRINKS,train,header,9,0.53,Soft Drinks,train
crops\header_04105.png,SOFT DRINKS,train,header,1,0.77,Soft Drinks,train
crops\header_04106.png,SOFT DRINKS,train,header,6,0.52,Soft Drinks,train
crops\header_04107.png,SOFT DRINKS,train,header,6,0.68,Soft Drinks,train
crops\header_04108.png,SOFT DRINKS,train,header,9,0.88,Soft Drinks,train
crops\header_04109.png,SOFT DRINKS,train,header,8,0.72,Soft Drinks,train
crops\header_04110.png,SOFT DRINKS,train,header,2,0.93,Soft Drinks,train
crops\header_04111.png,SOFT DRINKS,train,header,0,0.85,Soft Drinks,train
crops\header_04112.png,SOFT DRINKS,train,header,5,0.74,Soft Drinks,train
crops\header_04113.png,SOFT DRINKS,train,header,4,0.47,Soft Drinks,train
crops\header_04114.png,SOFT DRINKS,test,header,10,0.74,Soft Drinks,train
crops\header_04115.png,SOFT DRINKS,train,header,2,0.89,Soft Drinks,train
crops\header_04116.png,SOFT DRINKS,train,header,2,0.94,Soft Drinks,train
crops\name_04117.png,Sparkling Water,train,name,4,0.47,Soft Drinks,test
crops\name_04118.png,Sparkling Water,train,name,2,0.52,Soft Drinks,test
crops\name_04119.png,Sparkling Water,train,name,9,0.94,Soft Drinks,test
crops\name_04120.png,Sparkling Water,train,name,8,0.79,Soft Drinks,test
crops\name_04121.png,Sparkling Water,train,name,2,0.94,Soft Drinks,test
crops\name_04122.png,Sparkling Water,train,name,4,0.68,Soft Drinks,test
crops\name_04123.png,Sparkling Water,train,name,5,0.42,Soft Drinks,test
crops\name_04124.png,Sparkling Water,train,name,4,0.95,Soft Drinks,test
crops\name_04125.png,Sparkling Water,test,name,10,0.59,Soft Drinks,test
crops\name_04126.png,Sparkling Water,val,name,12,0.47,Soft Drinks,test
crops\name_04127.png,Sparkling Water,test,name,3,0.76,Soft Drinks,test
crops\name_04128.png,Sparkling Water,train,name,9,0.67,Soft Drinks,test
crops\name_04129.png,Sparkling Water,val,name,12,0.47,Soft Drinks,test
crops\name_04130.png,Sparkling Water,train,name,1,0.5,Soft Drinks,test
crops\name_04131.png,Sparkling Water,train,name,2,0.41,Soft Drinks,test
crops\name_04132.png,Sparkling Water,train,name,1,0.66,Soft Drinks,test
crops\name_04133.png,Sparkling Water,train,name,0,0.42,Soft Drinks,test
crops\name_04134.png,Sparkling Water,train,name,0,0.52,Soft Drinks,test
crops\name_04135.png,Sparkling Water,train,name,4,0.72,Soft Drinks,test
crops\name_04136.png,Sparkling Water,train,name,8,0.41,Soft Drinks,test
crops\name_04137.png,Sparkling Water,train,name,11,0.65,Soft Drinks,test
crops\name_04138.png,Sparkling Water,train,name,2,0.52,Soft Drinks,test
crops\name_04139.png,Sparkling Water,train,name,9,0.66,Soft Drinks,test
crops\price_04140.png,5,test,price,3,0.76,Soft Drinks,test
crops\price_04141.png,5,train,price,11,0.71,Soft Drinks,test
crops\price_04142.png,5,train,price,5,0.46,Soft Drinks,test
crops\price_04143.png,5,train,price,6,0.57,Soft Drinks,test
crops\price_04144.png,5,train,price,6,0.64,Soft Drinks,test
crops\price_04145.png,5,train,price,8,0.82,Soft Drinks,test
crops\price_04146.png,5,train,price,11,0.5,Soft Drinks,test
crops\price_04147.png,5,train,price,9,0.83,Soft Drinks,test
crops\price_04148.png,5,train,price,5,0.91,Soft Drinks,test
crops\price_04149.png,5,val,price,7,0.47,Soft Drinks,test
crops\price_04150.png,5,train,price,9,0.52,Soft Drinks,test
crops\price_04151.png,5,test,price,3,0.55,Soft Drinks,test
crops\price_04152.png,5,train,price,8,0.83,Soft Drinks,test
crops\price_04153.png,5,train,price,6,0.47,Soft Drinks,test
crops\price_04154.png,5,train,price,5,0.92,Soft Drinks,test
crops\price_04155.png,5,val,price,7,0.4,Soft Drinks,test
crops\price_04156.png,5,val,price,7,0.92,Soft Drinks,test
crops\price_04157.png,5,train,price,6,0.74,Soft Drinks,test
crops\price_04158.png,5,val,price,7,0.45,Soft Drinks,test
crops\price_04159.png,5,train,price,8,0.85,Soft Drinks,test
crops\price_04160.png,5,train,price,6,0.94,Soft Drinks,test
crops\price_04161.png,5,train,price,8,0.5,Soft Drinks,test
crops\price_04162.png,5,train,price,1,0.73,Soft Drinks,test
crops\name_04163.png,Still Water,train,name,5,0.81,Soft Drinks,test
crops\name_04164.png,Still Water,test,name,10,0.59,Soft Drinks,test
crops\name_04165.png,Still Water,train,name,11,0.6,Soft Drinks,test
crops\name_04166.png,Still Water,train,name,0,0.55,Soft Drinks,test
crops\name_04167.png,Still Water,train,name,5,0.92,Soft Drinks,test
crops\name_04168.png,Still Water,train,name,1,0.56,Soft Drinks,test
crops\name_04169.png,Still Water,train,name,2,0.53,Soft Drinks,test
crops\name_04170.png,Still Water,train,name,8,0.72,Soft Drinks,test
crops\name_04171.png,Still Water,test,name,10,0.95,Soft Drinks,test
crops\name_04172.png,Still Water,train,name,1,0.89,Soft Drinks,test
crops\name_04173.png,Still Water,train,name,1,0.66,Soft Drinks,test
crops\name_04174.png,Still Water,train,name,1,0.52,Soft Drinks,test
crops\name_04175.png,Still Water,train,name,2,0.73,Soft Drinks,test
crops\name_04176.png,Still Water,train,name,4,0.91,Soft Drinks,test
crops\name_04177.png,Still Water,train,name,9,0.48,Soft Drinks,test
crops\name_04178.png,Still Water,train,name,6,0.79,Soft Drinks,test
crops\name_04179.png,Still Water,val,name,12,0.8,Soft Drinks,test
crops\name_04180.png,Still Water,test,name,10,0.71,Soft Drinks,test
crops\name_04181.png,Still Water,val,name,7,0.85,Soft Drinks,test
crops\name_04182.png,Still Water,train,name,0,0.73,Soft Drinks,test
crops\name_04183.png,Still Water,train,name,4,0.43,Soft Drinks,test
crops\name_04184.png,Still Water,train,name,6,0.51,Soft Drinks,test
crops\name_04185.png,Still Water,train,name,2,0.58,Soft Drinks,test
crops\price_04186.png,10,train,price,5,0.52,Soft Drinks,test
crops\price_04187.png,10,test,price,3,0.83,Soft Drinks,test
crops\price_04188.png,10,train,price,1,0.92,Soft Drinks,test
crops\price_04189.png,10,test,price,10,0.47,Soft Drinks,test
crops\price_04190.png,10,val,price,12,0.81,Soft Drinks,test
crops\price_04191.png,10,train,price,6,0.55,Soft Drinks,test
crops\price_04192.png,10,val,price,7,0.94,Soft Drinks,test
crops\price_04193.png,10,train,price,8,0.41,Soft Drinks,test
crops\price_04194.png,10,test,price,3,0.66,Soft Drinks,test
crops\price_04195.png,10,test,price,10,0.84,Soft Drinks,test
crops\price_04196.png,10,train,price,8,0.76,Soft Drinks,test
crops\price_04197.png,10,test,price,10,0.85,Soft Drinks,test
crops\price_04198.png,10,train,price,0,0.84,Soft Drinks,test
crops\price_04199.png,10,train,price,4,0.5,Soft Drinks,test
crops\price_04200.png,10,train,price,9,0.82,Soft Drinks,test
crops\price_04201.png,10,train,price,2,0.87,Soft Drinks,test
crops\price_04202.png,10,train,price,1,0.88,Soft Drinks,test
crops\price_04203.png,10,train,price,9,0.41,Soft Drinks,test
crops\price_04204.png,10,train,price,2,0.71,Soft Drinks,test
crops\price_04205.png,10,train,price,8,0.48,Soft Drinks,test
crops\price_04206.png,10,val,price,7,0.49,Soft Drinks,test
crops\price_04207.png,10,val,price,7,0.95,Soft Drinks,test
crops\price_04208.png,10,train,price,9,0.64,Soft Drinks,test
crops\name_04209.png,Cola,train,name,1,0.68,Soft Drinks,train
crops\name_04210.png,Cola,train,name,8,0.64,Soft Drinks,train
crops\name_04211.png,Cola,train,name,5,0.77,Soft Drinks,train
crops\name_04212.png,Cola,train,name,6,0.86,Soft Drinks,train
crops\name_04213.png,Cola,test,name,10,0.4,Soft Drinks,train
crops\name_04214.png,Cola,train,name,5,0.84,Soft Drinks,train
crops\name_04215.png,Cola,train,name,2,0.46,Soft Drinks,train
crops\name_04216.png,Cola,train,name,8,0.91,Soft Drinks,train
crops\name_04217.png,Cola,val,name,12,0.41,Soft Drinks,train
crops\name_04218.png,Cola,train,name,1,0.47,Soft Drinks,train
crops\name_04219.png,Cola,val,name,7,0.76,Soft Drinks,train
crops\name_04220.png,Cola,val,name,12,0.51,Soft Drinks,train
crops\name_04221.png,Cola,train,name,6,0.72,Soft Drinks,train
crops\name_04222.png,Cola,train,name,0,0.42,Soft Drinks,train
crops\name_04223.png,Cola,val,name,12,0.68,Soft Drinks,train
crops\name_04224.png,Cola,train,name,1,0.52,Soft Drinks,train
crops\name_04225.png,Cola,train,name,4,0.54,Soft Drinks,train
crops\name_04226.png,Cola,test,name,3,0.51,Soft Drinks,train
crops\name_04227.png,Cola,test,name,10,0.68,Soft Drinks,train
crops\name_04228.png,Cola,train,name,5,0.63,Soft Drinks,train
crops\name_04229.png,Cola,val,name,7,0.64,Soft Drinks,train
crops\name_04230.png,Cola,train,name,2,0.53,Soft Drinks,train
crops\name_04231.png,Cola,test,name,10,0.93,Soft Drinks,train
crops\price_04232.png,10,train,price,4,0.66,Soft Drinks,train
crops\price_04233.png,10,train,price,6,0.55,Soft Drinks,train
crops\price_04234.png,10,train,price,0,0.68,Soft Drinks,train
crops\price_04235.png,10,train,price,4,0.89,Soft Drinks,train
crops\price_04236.png,10,train,price,9,0.87,Soft Drinks,train
crops\price_04237.png,10,val,price,7,0.59,Soft Drinks,train
crops\price_04238.png,10,val,price,12,0.82,Soft Drinks,train
crops\price_04239.png,10,train,price,11,0.52,Soft Drinks,train
crops\price_04240.png,10,val,price,7,0.57,Soft Drinks,train
crops\price_04241.png,10,test,price,10,0.63,Soft Drinks,train
crops\price_04242.png,10,test,price,10,0.53,Soft Drinks,train
crops\price_04243.png,10,train,price,9,0.85,Soft Drinks,train
crops\price_04244.png,10,test,price,3,0.66,Soft Drinks,train
crops\price_04245.png,10,train,price,5,0.77,Soft Drinks,train
crops\price_04246.png,10,train,price,6,0.84,Soft Drinks,train
crops\price_04247.png,10,train,price,5,0.42,Soft Drinks,train
crops\price_04248.png,10,test,price,10,0.52,Soft Drinks,train
crops\price_04249.png,10,train,price,11,0.65,Soft Drinks,train
crops\price_04250.png,10,test,price,10,0.69,Soft Drinks,train
crops\price_04251.png,10,train,price,9,0.86,Soft Drinks,train
crops\price_04252.png,10,train,price,9,0.83,Soft Drinks,train
crops\price_04253.png,10,train,price,11,0.47,Soft Drinks,train
crops\price_04254.png,10,train,price,1,0.47,Soft Drinks,train
crops\name_04255.png,Lemonade,test,name,3,0.44,Soft Drinks,val
crops\name_04256.png,Lemonade,train,name,4,0.82,Soft Drinks,val
crops\name_04257.png,Lemonade,train,name,9,0.91,Soft Drinks,val
crops\name_04258.png,Lemonade,val,name,12,0.58,Soft Drinks,val
crops\name_04259.png,Lemonade,train,name,6,0.84,Soft Drinks,val
crops\name_04260.png,Lemonade,train,name,0,0.42,Soft Drinks,val
crops\name_04261.png,Lemonade,train,name,11,0.6,Soft Drinks,val
crops\name_04262.png,Lemonade,train,name,1,0.59,Soft Drinks,val
crops\name_04263.png,Lemonade,train,name,5,0.94,Soft Drinks,val
crops\name_04264.png,Lemonade,test,name,10,0.94,Soft Drinks,val
crops\name_04265.png,Lemonade,train,name,8,0.67,Soft Drinks,val
crops\name_04266.png,Lemonade,test,name,10,0.46,Soft Drinks,val
crops\name_04267.png,Lemonade,train,name,4,0.51,Soft Drinks,val
crops\name_04268.png,Lemonade,train,name,8,0.47,Soft Drinks,val
crops\name_04269.png,Lemonade,train,name,4,0.74,Soft Drinks,val
crops\name_04270.png,Lemonade,val,name,7,0.69,Soft Drinks,val
crops\name_04271.png,Lemonade,train,name,0,0.47,Soft Drinks,val
crops\name_04272.png,Lemonade,test,name,10,0.89,Soft Drinks,val
crops\name_04273.png,Lemonade,test,name,3,0.75,Soft Drinks,val
crops\name_04274.png,Lemonade,train,name,5,0.43,Soft Drinks,val
crops\name_04275.png,Lemonade,test,name,10,0.78,Soft Drinks,val
crops\name_04276.png,Lemonade,train,name,8,0.56,Soft Drinks,val
crops\name_04277.png,Lemonade,test,name,10,0.44,Soft Drinks,val
crops\price_04278.png,10.950 DT,test,price,10,0.45,Soft Drinks,val
crops\price_04279.png,10.950 DT,train,price,8,0.74,Soft Drinks,val
crops\price_04280.png,10.950 DT,train,price,11,0.51,Soft Drinks,val
crops\price_04281.png,10.950 DT,val,price,7,0.8,Soft Drinks,val
crops\price_04282.png,10.950 DT,test,price,10,0.62,Soft Drinks,val
crops\price_04283.png,10.950 DT,test,price,10,0.92,Soft Drinks,val
crops\price_04284.png,10.950 DT,train,price,1,0.66,Soft Drinks,val
crops\price_04285.png,10.950 DT,train,price,5,0.46,Soft Drinks,val
crops\price_04286.png,10.950 DT,test,price,3,0.59,Soft Drinks,val
crops\price_04287.png,10.950 DT,val,price,12,0.64,Soft Drinks,val
crops\price_04288.png,10.950 DT,train,price,4,0.52,Soft Drinks,val
crops\price_04289.png,10.950 DT,test,price,3,0.83,Soft Drinks,val
crops\price_04290.png,10.950 DT,train,price,11,0.82,Soft Drinks,val
crops\price_04291.png,10.950 DT,test,price,10,0.7,Soft Drinks,val
crops\price_04292.png,10.950 DT,train,price,2,0.62,Soft Drinks,val
crops\price_04293.png,10.950 DT,test,price,10,0.52,Soft Drinks,val
crops\price_04294.png,10.950 DT,val,price,12,0.87,Soft Drinks,val
crops\price_04295.png,10.950 DT,val,price,7,0.59,Soft Drinks,val
crops\price_04296.png,10.950 DT,train,price,9,0.67,Soft Drinks,val
crops\price_04297.png,10.950 DT,test,price,3,0.92,Soft Drinks,val
crops\price_04298.png,10.950 DT,val,price,7,0.58,Soft Drinks,val
crops\price_04299.png,10.950 DT,test,price,10,0.93,Soft Drinks,val
crops\price_04300.png,10.950 DT,train,price,0,0.49,Soft Drinks,val
crops\name_04301.png,Iced Chocolate,train,name,11,0.93,Soft Drinks,train
crops\name_04302.png,Iced Chocolate,train,name,6,0.67,Soft Drinks,train
crops\name_04303.png,Iced Chocolate,train,name,9,0.5,Soft Drinks,train
crops\name_04304.png,Iced Chocolate,train,name,0,0.44,Soft Drinks,train
crops\name_04305.png,Iced Chocolate,train,name,4,0.89,Soft Drinks,train
crops\name_04306.png,Iced Chocolate,val,name,12,0.42,Soft Drinks,train
crops\name_04307.png,Iced Chocolate,test,name,10,0.62,Soft Drinks,train
crops\name_04308.png,Iced Chocolate,train,name,8,0.41,Soft Drinks,train
crops\name_04309.png,Iced Chocolate,train,name,9,0.57,Soft Drinks,train
crops\name_04310.png,Iced Chocolate,train,name,1,0.59,Soft Drinks,train
crops\name_04311.png,Iced Chocolate,train,name,9,0.76,Soft Drinks,train
crops\name_04312.png,Iced Chocolate,train,name,1,0.54,Soft Drinks,train
crops\name_04313.png,Iced Chocolate,val,name,7,0.6,Soft Drinks,train
crops\name_04314.png,Iced Chocolate,train,name,11,0.66,Soft Drinks,train
crops\name_04315.png,Iced Chocolate,train,name,8,0.66,Soft Drinks,train
crops\name_04316.png,Iced Chocolate,train,name,0,0.55,Soft Drinks,train
crops\name_04317.png,Iced Chocolate,test,name,3,0.63,Soft Drinks,train
crops\name_04318.png,Iced Chocolate,train,name,11,0.72,Soft Drinks,train
crops\name_04319.png,Iced Chocolate,test,name,10,0.59,Soft Drinks,train
crops\name_04320.png,Iced Chocolate,train,name,2,0.91,Soft Drinks,train
crops\name_04321.png,Iced Chocolate,val,name,7,0.66,Soft Drinks,train
crops\name_04322.png,Iced Chocolate,val,name,12,0.8,Soft Drinks,train
crops\name_04323.png,Iced Chocolate,train,name,9,0.59,Soft Drinks,train
crops\price_04324.png,7.90,test,price,3,0.53,Soft Drinks,train
crops\price_04325.png,7.90,test,price,10,0.42,Soft Drinks,train
crops\price_04326.png,7.90,test,price,10,0.66,Soft Drinks,train
crops\price_04327.png,7.90,train,price,0,0.95,Soft Drinks,train
crops\price_04328.png,7.90,test,price,10,0.84,Soft Drinks,train
crops\price_04329.png,7.90,train,price,8,0.77,Soft Drinks,train
crops\price_04330.png,7.90,train,price,4,0.46,Soft Drinks,train
crops\price_04331.png,7.90,val,price,12,0.64,Soft Drinks,train
crops\price_04332.png,7.90,train,price,2,0.61,Soft Drinks,train
crops\price_04333.png,7.90,train,price,0,0.81,Soft Drinks,train
crops\price_04334.png,7.90,train,price,5,0.67,Soft Drinks,train
crops\price_04335.png,7.90,train,price,1,0.66,Soft Drinks,train
crops\price_04336.png,7.90,train,price,5,0.55,Soft Drinks,train
crops\price_04337.png,7.90,val,price,7,0.63,Soft Drinks,train
crops\price_04338.png,7.90,train,price,1,0.57,Soft Drinks,train
crops\price_04339.png,7.90,train,price,8,0.65,Soft Drinks,train
crops\price_04340.png,7.90,train,price,4,0.69,Soft Drinks,train
crops\price_04341.png,7.90,train,price,6,0.92,Soft Drinks,train
crops\price_04342.png,7.90,train,price,9,0.7,Soft Drinks,train
crops\price_04343.png,7.90,val,price,7,0.81,Soft Drinks,train
crops\price_04344.png,7.90,test,price,10,0.68,Soft Drinks,train
crops\price_04345.png,7.90,val,price,7,0.78,Soft Drinks,train
crops\price_04346.png,7.90,train,price,1,0.41,Soft Drinks,train
crops\name_04347.png,Ginger Beer,train,name,0,0.5,Soft Drinks,train
crops\name_04348.png,Ginger Beer,train,name,0,0.41,Soft Drinks,train
crops\name_04349.png,Ginger Beer,test,name,3,0.6,Soft Drinks,train
crops\name_04350.png,Ginger Beer,train,name,11,0.81,Soft Drinks,train
crops\name_04351.png,Ginger Beer,train,name,5,0.78,Soft Drinks,train
crops\name_04352.png,Ginger Beer,train,name,6,0.88,Soft Drinks,train
crops\name_04353.png,Ginger Beer,train,name,0,0.88,Soft Drinks,train
crops\name_04354.png,Ginger Beer,val,name,7,0.8,Soft Drinks,train
crops\name_04355.png,Ginger Beer,train,name,9,0.83,Soft Drinks,train
crops\name_04356.png,Ginger Beer,train,name,2,0.83,Soft Drinks,train
crops\name_04357.png,Ginger Beer,train,name,5,0.66,Soft Drinks,train
crops\name_04358.png,Ginger Beer,test,name,10,0.55,Soft Drinks,train
crops\name_04359.png,Ginger Beer,train,name,9,0.95,Soft Drinks,train
crops\name_04360.png,Ginger Beer,train,name,5,0.94,Soft Drinks,train
crops\name_04361.png,Ginger Beer,test,name,10,0.55,Soft Drinks,train
crops\name_04362.png,Ginger Beer,train,name,8,0.49,Soft Drinks,train
crops\name_04363.png,Ginger Beer,train,name,9,0.86,Soft Drinks,train
crops\name_04364.png,Ginger Beer,train,name,9,0.42,Soft Drinks,train
crops\name_04365.png,Ginger Beer,test,name,3,0.76,Soft Drinks,train
crops\name_04366.png,Ginger Beer,test,name,3,0.57,Soft Drinks,train
crops\name_04367.png,Ginger Beer,test,name,3,0.42,Soft Drinks,train
crops\name_04368.png,Ginger Beer,train,name,8,0.86,Soft Drinks,train
crops\name_04369.png,Ginger Beer,train,name,2,0.59,Soft Drinks,train
crops\price_04370.png,12,test,price,3,0.94,Soft Drinks,train
crops\price_04371.png,12,train,price,2,0.9,Soft Drinks,train
crops\price_04372.png,12,train,price,11,0.52,Soft Drinks,train
crops\price_04373.png,12,train,price,5,0.86,Soft Drinks,train
crops\price_04374.png,12,train,price,4,0.64,Soft Drinks,train
crops\price_04375.png,12,val,price,12,0.75,Soft Drinks,train
crops\price_04376.png,12,test,price,3,0.63,Soft Drinks,train
crops\price_04377.png,12,train,price,6,0.49,Soft Drinks,train
crops\price_04378.png,12,train,price,4,0.79,Soft Drinks,train
crops\price_04379.png,12,train,price,8,0.57,Soft Drinks,train
crops\price_04380.png,12,test,price,10,0.52,Soft Drinks,train
crops\price_04381.png,12,train,price,1,0.7,Soft Drinks,train
crops\price_04382.png,12,train,price,1,0.72,Soft Drinks,train
crops\price_04383.png,12,train,price,11,0.72,Soft Drinks,train
crops\price_04384.png,12,train,price,5,0.6,Soft Drinks,train
crops\price_04385.png,12,train,price,4,0.67,Soft Drinks,train
crops\price_04386.png,12,train,price,8,0.79,Soft Drinks,train
crops\price_04387.png,12,train,price,5,0.66,Soft Drinks,train
crops\price_04388.png,12,train,price,9,0.86,Soft Drinks,train
crops\price_04389.png,12,val,price,7,0.53,Soft Drinks,train
crops\price_04390.png,12,train,price,6,0.82,Soft Drinks,train
crops\price_04391.png,12,train,price,2,0.79,Soft Drinks,train
crops\price_04392.png,12,train,price,4,0.82,Soft Drinks,train
